index,occupation,energy_Eh,energy_eV,irrep
0,1.0,-14.658383,-398.8749,
1,1.0,-10.404171,-283.1119,
2,1.0,-10.40417,-283.1118,
3,1.0,-10.404155,-283.1115,
4,1.0,-10.404136,-283.1109,
5,1.0,-10.404108,-283.1102,
6,1.0,-10.404069,-283.1091,
7,1.0,-10.404059,-283.1088,
8,1.0,-10.404054,-283.1087,
9,1.0,-10.404036,-283.1082,
10,1.0,-10.403996,-283.1071,
11,1.0,-10.403993,-283.1071,
12,1.0,-10.403987,-283.1069,
13,1.0,-10.403985,-283.1068,
14,1.0,-10.40394,-283.1056,
15,1.0,-10.403936,-283.1055,
16,1.0,-10.40393,-283.1053,
17,1.0,-10.403922,-283.1051,
18,1.0,-10.403898,-283.1045,
19,1.0,-10.403875,-283.1038,
20,1.0,-10.403859,-283.1034,
21,1.0,-10.403857,-283.1033,
22,1.0,-10.403852,-283.1032,
23,1.0,-10.403843,-283.103,
24,1.0,-10.403836,-283.1028,
25,1.0,-10.403835,-283.1027,
26,1.0,-10.403822,-283.1024,
27,1.0,-10.403814,-283.1022,
28,1.0,-10.40381,-283.1021,
29,1.0,-10.403809,-283.102,
30,1.0,-10.403799,-283.1018,
31,1.0,-10.403519,-283.0941,
32,1.0,-10.403511,-283.0939,
33,1.0,-10.403503,-283.0937,
34,1.0,-10.403486,-283.0932,
35,1.0,-10.403481,-283.0931,
36,1.0,-10.403469,-283.0928,
37,1.0,-10.403403,-283.091,
38,1.0,-10.403402,-283.091,
39,1.0,-10.403397,-283.0908,
40,1.0,-10.403372,-283.0901,
41,1.0,-10.40337,-283.0901,
42,1.0,-10.403363,-283.0899,
43,1.0,-10.403355,-283.0897,
44,1.0,-10.403344,-283.0894,
45,1.0,-10.403325,-283.0889,
46,1.0,-10.403309,-283.0884,
47,1.0,-10.403299,-283.0882,
48,1.0,-10.403287,-283.0878,
49,1.0,-10.403279,-283.0876,
50,1.0,-10.403244,-283.0867,
51,1.0,-10.403222,-283.0861,
52,1.0,-10.403217,-283.0859,
53,1.0,-10.40321,-283.0857,
54,1.0,-10.403126,-283.0834,
55,1.0,-10.403118,-283.0832,
56,1.0,-10.403107,-283.0829,
57,1.0,-10.403095,-283.0826,
58,1.0,-10.403091,-283.0825,
59,1.0,-10.403085,-283.0823,
60,1.0,-10.403083,-283.0823,
61,1.0,-1.113185,-30.2913,
62,1.0,-1.092701,-29.7339,
63,1.0,-1.092674,-29.7332,
64,1.0,-1.092669,-29.733,
65,1.0,-1.053707,-28.6728,
66,1.0,-1.053676,-28.672,
67,1.0,-1.053668,-28.6718,
68,1.0,-1.053657,-28.6715,
69,1.0,-1.053644,-28.6711,
70,1.0,-1.012582,-27.5538,
71,1.0,-1.012558,-27.5531,
72,1.0,-1.012535,-27.5525,
73,1.0,-0.979243,-26.6466,
74,1.0,-0.979243,-26.6466,
75,1.0,-0.979241,-26.6465,
76,1.0,-0.979218,-26.6459,
77,1.0,-0.958372,-26.0786,
78,1.0,-0.926632,-25.2149,
79,1.0,-0.92662,-25.2146,
80,1.0,-0.926619,-25.2146,
81,1.0,-0.926604,-25.2142,
82,1.0,-0.926603,-25.2141,
83,1.0,-0.90868,-24.7265,
84,1.0,-0.90867,-24.7262,
85,1.0,-0.908663,-24.726,
86,1.0,-0.908643,-24.7254,
87,1.0,-0.848165,-23.0798,
88,1.0,-0.848151,-23.0794,
89,1.0,-0.848144,-23.0792,
90,1.0,-0.848142,-23.0791,
91,1.0,-0.848139,-23.079,
92,1.0,-0.835818,-22.7438,
93,1.0,-0.835806,-22.7434,
94,1.0,-0.835806,-22.7434,
95,1.0,-0.792135,-21.5551,
96,1.0,-0.792133,-21.555,
97,1.0,-0.792132,-21.555,
98,1.0,-0.75036,-20.4183,
99,1.0,-0.750356,-20.4182,
100,1.0,-0.750344,-20.4179,
101,1.0,-0.750342,-20.4178,
102,1.0,-0.750326,-20.4174,
103,1.0,-0.746316,-20.3083,
104,1.0,-0.746315,-20.3083,
105,1.0,-0.746295,-20.3077,
106,1.0,-0.725207,-19.7339,
107,1.0,-0.679203,-18.4821,
108,1.0,-0.679195,-18.4818,
109,1.0,-0.679186,-18.4816,
110,1.0,-0.679185,-18.4816,
111,1.0,-0.649694,-17.6791,
112,1.0,-0.649685,-17.6788,
113,1.0,-0.649684,-17.6788,
114,1.0,-0.649678,-17.6786,
115,1.0,-0.649668,-17.6784,
116,1.0,-0.634707,-17.2712,
117,1.0,-0.634706,-17.2712,
118,1.0,-0.634704,-17.2712,
119,1.0,-0.613985,-16.7074,
120,1.0,-0.607615,-16.534,
121,1.0,-0.60761,-16.5339,
122,1.0,-0.607609,-16.5339,
123,1.0,-0.594268,-16.1709,
124,1.0,-0.594247,-16.1703,
125,1.0,-0.594244,-16.1702,
126,1.0,-0.58006,-15.7842,
127,1.0,-0.580039,-15.7837,
128,1.0,-0.580024,-15.7833,
129,1.0,-0.580021,-15.7832,
130,1.0,-0.558126,-15.1874,
131,1.0,-0.558121,-15.1872,
132,1.0,-0.55812,-15.1872,
133,1.0,-0.558118,-15.1872,
134,1.0,-0.558111,-15.187,
135,1.0,-0.542853,-14.7718,
136,1.0,-0.542846,-14.7716,
137,1.0,-0.542838,-14.7714,
138,1.0,-0.54282,-14.7709,
139,1.0,-0.538691,-14.6585,
140,1.0,-0.53867,-14.658,
141,1.0,-0.538668,-14.6579,
142,1.0,-0.538656,-14.6576,
143,1.0,-0.538646,-14.6573,
144,1.0,-0.531254,-14.4562,
145,1.0,-0.53124,-14.4558,
146,1.0,-0.531224,-14.4553,
147,1.0,-0.510638,-13.8952,
148,1.0,-0.510631,-13.895,
149,1.0,-0.51063,-13.895,
150,1.0,-0.510605,-13.8943,
151,1.0,-0.487314,-13.2605,
152,1.0,-0.48731,-13.2604,
153,1.0,-0.48731,-13.2604,
154,1.0,-0.472177,-12.8486,
155,1.0,-0.472163,-12.8482,
156,1.0,-0.472145,-12.8477,
157,1.0,-0.464846,-12.6491,
158,1.0,-0.464839,-12.6489,
159,1.0,-0.464829,-12.6486,
160,1.0,-0.464827,-12.6486,
161,1.0,-0.464825,-12.6485,
162,1.0,-0.452813,-12.3217,
163,1.0,-0.452811,-12.3216,
164,1.0,-0.452806,-12.3215,
165,1.0,-0.452786,-12.3209,
166,1.0,-0.452173,-12.3042,
167,1.0,-0.452162,-12.3039,
168,1.0,-0.452158,-12.3038,
169,1.0,-0.452152,-12.3037,
170,1.0,-0.452137,-12.3033,
171,1.0,-0.3695,-10.0546,
172,1.0,-0.369495,-10.0545,
173,1.0,-0.369481,-10.0541,
174,1.0,-0.369469,-10.0538,
175,1.0,-0.362785,-9.8719,
176,1.0,-0.362783,-9.8718,
177,1.0,-0.362779,-9.8717,
178,1.0,-0.362774,-9.8716,
179,1.0,-0.36276,-9.8712,
180,1.0,-0.304972,-8.2987,
181,1.0,-0.304953,-8.2982,
182,1.0,-0.304949,-8.2981,
183,1.0,-0.30494,-8.2978,
184,1.0,-0.304939,-8.2978,
185,0.0,-0.074044,-2.0148,
186,0.0,-0.074034,-2.0146,
187,0.0,-0.074032,-2.0145,
188,0.0,-0.018731,-0.5097,
189,0.0,-0.01872,-0.5094,
190,0.0,-0.018709,-0.5091,
191,0.0,0.024218,0.659,
192,0.0,0.024226,0.6592,
193,0.0,0.024228,0.6593,
194,0.0,0.02953,0.8036,
195,0.0,0.029531,0.8036,
196,0.0,0.029538,0.8038,
197,0.0,0.029543,0.8039,
198,0.0,0.029551,0.8041,
199,0.0,0.106928,2.9096,
200,0.0,0.106946,2.9101,
201,0.0,0.106948,2.9102,
202,0.0,0.106962,2.9106,
203,0.0,0.106964,2.9106,
204,0.0,0.126136,3.4323,
205,0.0,0.126146,3.4326,
206,0.0,0.126149,3.4327,
207,0.0,0.126153,3.4328,
208,0.0,0.128749,3.5034,
209,0.0,0.158021,4.3,
210,0.0,0.158022,4.3,
211,0.0,0.158032,4.3003,
212,0.0,0.158037,4.3004,
213,0.0,0.159142,4.3305,
214,0.0,0.159154,4.3308,
215,0.0,0.159159,4.3309,
216,0.0,0.183102,4.9824,
217,0.0,0.18311,4.9827,
218,0.0,0.183113,4.9828,
219,0.0,0.19117,5.202,
220,0.0,0.191175,5.2021,
221,0.0,0.191187,5.2025,
222,0.0,0.191198,5.2028,
223,0.0,0.1912,5.2028,
224,0.0,0.198554,5.4029,
225,0.0,0.198555,5.403,
226,0.0,0.198568,5.4033,
227,0.0,0.216693,5.8965,
228,0.0,0.21672,5.8973,
229,0.0,0.216721,5.8973,
230,0.0,0.216736,5.8977,
231,0.0,0.216736,5.8977,
232,0.0,0.219076,5.9614,
233,0.0,0.219094,5.9618,
234,0.0,0.21911,5.9623,
235,0.0,0.220155,5.9907,
236,0.0,0.220307,5.9948,
237,0.0,0.22036,5.9963,
238,0.0,0.220445,5.9986,
239,0.0,0.23187,6.3095,
240,0.0,0.231888,6.31,
241,0.0,0.231893,6.3101,
242,0.0,0.234027,6.3682,
243,0.0,0.23405,6.3688,
244,0.0,0.234087,6.3698,
245,0.0,0.234114,6.3706,
246,0.0,0.241191,6.5631,
247,0.0,0.265859,7.2344,
248,0.0,0.26596,7.2371,
249,0.0,0.265992,7.238,
250,0.0,0.26604,7.2393,
251,0.0,0.266163,7.2427,
252,0.0,0.266167,7.2428,
253,0.0,0.266174,7.243,
254,0.0,0.268346,7.3021,
255,0.0,0.268356,7.3023,
256,0.0,0.268381,7.303,
257,0.0,0.268388,7.3032,
258,0.0,0.268409,7.3038,
259,0.0,0.284332,7.7371,
260,0.0,0.284387,7.7386,
261,0.0,0.284394,7.7387,
262,0.0,0.284418,7.7394,
263,0.0,0.288417,7.8482,
264,0.0,0.288438,7.8488,
265,0.0,0.288559,7.8521,
266,0.0,0.288571,7.8524,
267,0.0,0.288614,7.8536,
268,0.0,0.293204,7.9785,
269,0.0,0.293211,7.9787,
270,0.0,0.293212,7.9787,
271,0.0,0.293238,7.9794,
272,0.0,0.293247,7.9797,
273,0.0,0.29337,7.983,
274,0.0,0.293376,7.9832,
275,0.0,0.293384,7.9834,
276,0.0,0.297491,8.0951,
277,0.0,0.311309,8.4712,
278,0.0,0.311312,8.4712,
279,0.0,0.31132,8.4715,
280,0.0,0.311607,8.4793,
281,0.0,0.31162,8.4796,
282,0.0,0.311622,8.4797,
283,0.0,0.347262,9.4495,
284,0.0,0.347275,9.4498,
285,0.0,0.347285,9.4501,
286,0.0,0.363105,9.8806,
287,0.0,0.363115,9.8809,
288,0.0,0.363119,9.881,
289,0.0,0.365053,9.9336,
290,0.0,0.365058,9.9337,
291,0.0,0.365154,9.9363,
292,0.0,0.365155,9.9364,
293,0.0,0.36517,9.9368,
294,0.0,0.367061,9.9882,
295,0.0,0.367209,9.9923,
296,0.0,0.367382,9.997,
297,0.0,0.367472,9.9994,
298,0.0,0.367481,9.9997,
299,0.0,0.382849,10.4178,
300,0.0,0.382881,10.4187,
301,0.0,0.382883,10.4188,
302,0.0,0.38291,10.4195,
303,0.0,0.382931,10.4201,
304,0.0,0.388646,10.5756,
305,0.0,0.388888,10.5822,
306,0.0,0.38918,10.5901,
307,0.0,0.389285,10.593,
308,0.0,0.389364,10.5951,
309,0.0,0.393002,10.6941,
310,0.0,0.394004,10.7214,
311,0.0,0.394707,10.7405,
312,0.0,0.394821,10.7436,
313,0.0,0.396092,10.7782,
314,0.0,0.396686,10.7944,
315,0.0,0.397461,10.8155,
316,0.0,0.404796,11.0151,
317,0.0,0.4048,11.0152,
318,0.0,0.404803,11.0152,
319,0.0,0.423061,11.5121,
320,0.0,0.423136,11.5141,
321,0.0,0.423159,11.5147,
322,0.0,0.423201,11.5159,
323,0.0,0.451176,12.2771,
324,0.0,0.451182,12.2773,
325,0.0,0.451182,12.2773,
326,0.0,0.462534,12.5862,
327,0.0,0.46254,12.5863,
328,0.0,0.462547,12.5865,
329,0.0,0.462548,12.5866,
330,0.0,0.462551,12.5866,
331,0.0,0.472445,12.8559,
332,0.0,0.472449,12.856,
333,0.0,0.472461,12.8563,
334,0.0,0.472474,12.8567,
335,0.0,0.475536,12.94,
336,0.0,0.475799,12.9471,
337,0.0,0.47581,12.9474,
338,0.0,0.475812,12.9475,
339,0.0,0.475819,12.9477,
340,0.0,0.475821,12.9478,
341,0.0,0.476154,12.9568,
342,0.0,0.476439,12.9646,
343,0.0,0.477579,12.9956,
344,0.0,0.477582,12.9957,
345,0.0,0.477582,12.9957,
346,0.0,0.487208,13.2576,
347,0.0,0.487219,13.2579,
348,0.0,0.487236,13.2584,
349,0.0,0.487252,13.2588,
350,0.0,0.487261,13.2591,
351,0.0,0.51988,14.1467,
352,0.0,0.520143,14.1538,
353,0.0,0.520218,14.1559,
354,0.0,0.520372,14.1601,
355,0.0,0.53331,14.5121,
356,0.0,0.533312,14.5122,
357,0.0,0.533331,14.5127,
358,0.0,0.534399,14.5417,
359,0.0,0.534423,14.5424,
360,0.0,0.534434,14.5427,
361,0.0,0.53451,14.5448,
362,0.0,0.538444,14.6518,
363,0.0,0.538481,14.6528,
364,0.0,0.5385,14.6533,
365,0.0,0.540809,14.7162,
366,0.0,0.540814,14.7163,
367,0.0,0.540818,14.7164,
368,0.0,0.54082,14.7164,
369,0.0,0.540821,14.7165,
370,0.0,0.564328,15.3561,
371,0.0,0.564385,15.3577,
372,0.0,0.564405,15.3582,
373,0.0,0.564436,15.3591,
374,0.0,0.56577,15.3954,
375,0.0,0.565775,15.3955,
376,0.0,0.565778,15.3956,
377,0.0,0.566037,15.4026,
378,0.0,0.566052,15.4031,
379,0.0,0.566066,15.4034,
380,0.0,0.566068,15.4035,
381,0.0,0.56613,15.4052,
382,0.0,0.574163,15.6238,
383,0.0,0.57427,15.6267,
384,0.0,0.574305,15.6276,
385,0.0,0.576127,15.6772,
386,0.0,0.576134,15.6774,
387,0.0,0.576136,15.6775,
388,0.0,0.576143,15.6776,
389,0.0,0.585471,15.9315,
390,0.0,0.592256,16.1161,
391,0.0,0.592454,16.1215,
392,0.0,0.592549,16.1241,
393,0.0,0.592596,16.1253,
394,0.0,0.593083,16.1386,
395,0.0,0.593275,16.1438,
396,0.0,0.593374,16.1465,
397,0.0,0.597176,16.25,
398,0.0,0.59725,16.252,
399,0.0,0.597287,16.253,
400,0.0,0.597313,16.2537,
401,0.0,0.624575,16.9956,
402,0.0,0.624593,16.996,
403,0.0,0.624612,16.9965,
404,0.0,0.624638,16.9973,
405,0.0,0.624649,16.9976,
406,0.0,0.634032,17.2529,
407,0.0,0.634235,17.2584,
408,0.0,0.634298,17.2601,
409,0.0,0.634328,17.2609,
410,0.0,0.639143,17.392,
411,0.0,0.639155,17.3923,
412,0.0,0.639249,17.3949,
413,0.0,0.639313,17.3966,
414,0.0,0.639328,17.397,
415,0.0,0.643315,17.5055,
416,0.0,0.643336,17.5061,
417,0.0,0.643349,17.5064,
418,0.0,0.643361,17.5067,
419,0.0,0.643366,17.5069,
420,0.0,0.653689,17.7878,
421,0.0,0.653718,17.7886,
422,0.0,0.653753,17.7895,
423,0.0,0.657758,17.8985,
424,0.0,0.657775,17.899,
425,0.0,0.657806,17.8998,
426,0.0,0.662664,18.032,
427,0.0,0.662669,18.0322,
428,0.0,0.662691,18.0327,
429,0.0,0.662711,18.0333,
430,0.0,0.662733,18.0339,
431,0.0,0.664983,18.0951,
432,0.0,0.665029,18.0964,
433,0.0,0.665032,18.0964,
434,0.0,0.665048,18.0969,
435,0.0,0.66549,18.1089,
436,0.0,0.665504,18.1093,
437,0.0,0.665505,18.1093,
438,0.0,0.674385,18.351,
439,0.0,0.674456,18.3529,
440,0.0,0.674544,18.3553,
441,0.0,0.674567,18.3559,
442,0.0,0.67471,18.3598,
443,0.0,0.675136,18.3714,
444,0.0,0.675143,18.3716,
445,0.0,0.675153,18.3719,
446,0.0,0.714725,19.4486,
447,0.0,0.715058,19.4577,
448,0.0,0.715189,19.4613,
449,0.0,0.716603,19.4998,
450,0.0,0.716829,19.5059,
451,0.0,0.716915,19.5082,
452,0.0,0.723152,19.678,
453,0.0,0.723466,19.6865,
454,0.0,0.723613,19.6905,
455,0.0,0.723646,19.6914,
456,0.0,0.723702,19.6929,
457,0.0,0.723811,19.6959,
458,0.0,0.723949,19.6997,
459,0.0,0.724034,19.702,
460,0.0,0.724069,19.7029,
461,0.0,0.730931,19.8897,
462,0.0,0.731198,19.8969,
463,0.0,0.731319,19.9002,
464,0.0,0.731327,19.9004,
465,0.0,0.731548,19.9064,
466,0.0,0.731668,19.9097,
467,0.0,0.751144,20.4397,
468,0.0,0.751154,20.4399,
469,0.0,0.751165,20.4402,
470,0.0,0.75287,20.4866,
471,0.0,0.753855,20.5134,
472,0.0,0.75428,20.525,
473,0.0,0.754761,20.5381,
474,0.0,0.765015,20.8171,
475,0.0,0.76534,20.826,
476,0.0,0.765973,20.8432,
477,0.0,0.766079,20.8461,
478,0.0,0.766497,20.8574,
479,0.0,0.766589,20.86,
480,0.0,0.767007,20.8713,
481,0.0,0.767171,20.8758,
482,0.0,0.767469,20.8839,
483,0.0,0.767658,20.889,
484,0.0,0.771373,20.9901,
485,0.0,0.771533,20.9945,
486,0.0,0.771599,20.9963,
487,0.0,0.771718,20.9995,
488,0.0,0.785908,21.3857,
489,0.0,0.785971,21.3874,
490,0.0,0.78616,21.3925,
491,0.0,0.801596,21.8125,
492,0.0,0.807791,21.9811,
493,0.0,0.813891,22.1471,
494,0.0,0.813962,22.149,
495,0.0,0.814033,22.151,
496,0.0,0.816759,22.2251,
497,0.0,0.816767,22.2254,
498,0.0,0.816773,22.2255,
499,0.0,0.828587,22.547,
500,0.0,0.828691,22.5498,
501,0.0,0.8287,22.5501,
502,0.0,0.828738,22.5511,
503,0.0,0.83016,22.5898,
504,0.0,0.83041,22.5966,
505,0.0,0.830666,22.6036,
506,0.0,0.835842,22.7444,
507,0.0,0.839355,22.84,
508,0.0,0.839365,22.8403,
509,0.0,0.839368,22.8404,
510,0.0,0.840837,22.8803,
511,0.0,0.842726,22.9317,
512,0.0,0.845429,23.0053,
513,0.0,0.852325,23.1929,
514,0.0,0.852332,23.1931,
515,0.0,0.852337,23.1933,
516,0.0,0.852342,23.1934,
517,0.0,0.852349,23.1936,
518,0.0,0.855302,23.274,
519,0.0,0.856058,23.2945,
520,0.0,0.856435,23.3048,
521,0.0,0.85686,23.3163,
522,0.0,0.859192,23.3798,
523,0.0,0.859292,23.3825,
524,0.0,0.859398,23.3854,
525,0.0,0.871104,23.704,
526,0.0,0.871719,23.7207,
527,0.0,0.872891,23.7526,
528,0.0,0.874619,23.7996,
529,0.0,0.875204,23.8155,
530,0.0,0.875627,23.827,
531,0.0,0.877137,23.8681,
532,0.0,0.879768,23.9397,
533,0.0,0.888819,24.186,
534,0.0,0.889087,24.1933,
535,0.0,0.889412,24.2021,
536,0.0,0.889836,24.2137,
537,0.0,0.890029,24.2189,
538,0.0,0.923573,25.1317,
539,0.0,0.923996,25.1432,
540,0.0,0.924344,25.1527,
541,0.0,0.924744,25.1636,
542,0.0,0.928416,25.2635,
543,0.0,0.928627,25.2692,
544,0.0,0.928953,25.2781,
545,0.0,0.929594,25.2955,
546,0.0,0.929636,25.2967,
547,0.0,0.929695,25.2983,
548,0.0,0.929766,25.3002,
549,0.0,0.929812,25.3015,
550,0.0,0.93316,25.3926,
551,0.0,0.933482,25.4013,
552,0.0,0.933554,25.4033,
553,0.0,0.933682,25.4068,
554,0.0,0.93569,25.4614,
555,0.0,0.936626,25.4869,
556,0.0,0.937239,25.5036,
557,0.0,0.937453,25.5094,
558,0.0,0.937581,25.5129,
559,0.0,0.937691,25.5159,
560,0.0,0.938161,25.5286,
561,0.0,0.939088,25.5539,
562,0.0,0.939843,25.5744,
563,0.0,0.942479,25.6462,
564,0.0,0.942601,25.6495,
565,0.0,0.942639,25.6505,
566,0.0,0.95094,25.8764,
567,0.0,0.983009,26.749,
568,0.0,0.983345,26.7582,
569,0.0,0.98347,26.7616,
570,0.0,0.983493,26.7622,
571,0.0,0.983918,26.7738,
572,0.0,0.984397,26.7868,
573,0.0,0.984529,26.7904,
574,0.0,0.984535,26.7905,
575,0.0,1.020429,27.7673,
576,0.0,1.020448,27.7678,
577,0.0,1.020451,27.7679,
578,0.0,1.035214,28.1696,
579,0.0,1.03585,28.1869,
580,0.0,1.036998,28.2182,
581,0.0,1.046537,28.4777,
582,0.0,1.046967,28.4894,
583,0.0,1.047137,28.4941,
584,0.0,1.047177,28.4951,
585,0.0,1.047713,28.5097,
586,0.0,1.053028,28.6543,
587,0.0,1.053195,28.6589,
588,0.0,1.053281,28.6612,
589,0.0,1.053441,28.6656,
590,0.0,1.055469,28.7208,
591,0.0,1.055956,28.734,
592,0.0,1.057116,28.7656,
593,0.0,1.05717,28.7671,
594,0.0,1.057748,28.7828,
595,0.0,1.064824,28.9753,
596,0.0,1.064853,28.9761,
597,0.0,1.064873,28.9767,
598,0.0,1.081344,29.4249,
599,0.0,1.08143,29.4272,
600,0.0,1.081506,29.4293,
601,0.0,1.081617,29.4323,
602,0.0,1.081629,29.4326,
603,0.0,1.090278,29.668,
604,0.0,1.090697,29.6794,
605,0.0,1.090936,29.6859,
606,0.0,1.091291,29.6955,
607,0.0,1.118894,30.4467,
608,0.0,1.11891,30.4471,
609,0.0,1.119,30.4495,
610,0.0,1.119018,30.45,
611,0.0,1.119178,30.4544,
612,0.0,1.120925,30.5019,
613,0.0,1.121129,30.5075,
614,0.0,1.122565,30.5465,
615,0.0,1.124326,30.5945,
616,0.0,1.125436,30.6247,
617,0.0,1.127288,30.6751,
618,0.0,1.129445,30.7338,
619,0.0,1.129918,30.7466,
620,0.0,1.150724,31.3128,
621,0.0,1.150736,31.3131,
622,0.0,1.150749,31.3135,
623,0.0,1.171891,31.8888,
624,0.0,1.171903,31.8891,
625,0.0,1.171927,31.8897,
626,0.0,1.184088,32.2207,
627,0.0,1.18412,32.2215,
628,0.0,1.184195,32.2236,
629,0.0,1.184208,32.2239,
630,0.0,1.184236,32.2247,
631,0.0,1.187137,32.3036,
632,0.0,1.187154,32.3041,
633,0.0,1.187174,32.3046,
634,0.0,1.219852,33.1939,
635,0.0,1.221534,33.2396,
636,0.0,1.22187,33.2488,
637,0.0,1.222303,33.2605,
638,0.0,1.222381,33.2627,
639,0.0,1.222664,33.2704,
640,0.0,1.223413,33.2908,
641,0.0,1.226997,33.3883,
642,0.0,1.227117,33.3915,
643,0.0,1.227136,33.3921,
644,0.0,1.227233,33.3947,
645,0.0,1.257918,34.2297,
646,0.0,1.257926,34.2299,
647,0.0,1.257927,34.2299,
648,0.0,1.257956,34.2307,
649,0.0,1.257961,34.2309,
650,0.0,1.290614,35.1194,
651,0.0,1.290649,35.1203,
652,0.0,1.290746,35.123,
653,0.0,1.307411,35.5765,
654,0.0,1.307431,35.577,
655,0.0,1.307433,35.577,
656,0.0,1.307444,35.5774,
657,0.0,1.307464,35.5779,
658,0.0,1.317431,35.8491,
659,0.0,1.317698,35.8564,
660,0.0,1.317839,35.8602,
661,0.0,1.317959,35.8635,
662,0.0,1.320089,35.9214,
663,0.0,1.320124,35.9224,
664,0.0,1.320127,35.9225,
665,0.0,1.320134,35.9227,
666,0.0,1.320144,35.923,
667,0.0,1.328151,36.1408,
668,0.0,1.329465,36.1766,
669,0.0,1.329473,36.1768,
670,0.0,1.3295,36.1775,
671,0.0,1.329502,36.1776,
672,0.0,1.329508,36.1778,
673,0.0,1.331282,36.226,
674,0.0,1.3313,36.2265,
675,0.0,1.331314,36.2269,
676,0.0,1.337227,36.3878,
677,0.0,1.337301,36.3898,
678,0.0,1.337389,36.3922,
679,0.0,1.337464,36.3942,
680,0.0,1.360411,37.0187,
681,0.0,1.360459,37.02,
682,0.0,1.36051,37.0214,
683,0.0,1.360547,37.0224,
684,0.0,1.360647,37.0251,
685,0.0,1.386194,37.7203,
686,0.0,1.386209,37.7207,
687,0.0,1.386217,37.7209,
688,0.0,1.391353,37.8606,
689,0.0,1.39211,37.8812,
690,0.0,1.392477,37.8912,
691,0.0,1.392721,37.8979,
692,0.0,1.403773,38.1986,
693,0.0,1.404108,38.2077,
694,0.0,1.404241,38.2113,
695,0.0,1.404548,38.2197,
696,0.0,1.404837,38.2276,
697,0.0,1.408755,38.3342,
698,0.0,1.408933,38.339,
699,0.0,1.408975,38.3402,
700,0.0,1.412349,38.432,
701,0.0,1.412395,38.4332,
702,0.0,1.412413,38.4337,
703,0.0,1.412484,38.4356,
704,0.0,1.412556,38.4376,
705,0.0,1.434201,39.0266,
706,0.0,1.434317,39.0297,
707,0.0,1.43439,39.0317,
708,0.0,1.45418,39.5703,
709,0.0,1.4542,39.5708,
710,0.0,1.454211,39.5711,
711,0.0,1.454268,39.5727,
712,0.0,1.463661,39.8282,
713,0.0,1.463691,39.8291,
714,0.0,1.463737,39.8303,
715,0.0,1.475674,40.1551,
716,0.0,1.47581,40.1588,
717,0.0,1.475859,40.1602,
718,0.0,1.480215,40.2787,
719,0.0,1.480238,40.2793,
720,0.0,1.480335,40.282,
721,0.0,1.485403,40.4199,
722,0.0,1.485586,40.4249,
723,0.0,1.485672,40.4272,
724,0.0,1.485746,40.4292,
725,0.0,1.485763,40.4297,
726,0.0,1.520102,41.3641,
727,0.0,1.520125,41.3647,
728,0.0,1.520151,41.3654,
729,0.0,1.52841,41.5902,
730,0.0,1.528452,41.5913,
731,0.0,1.52847,41.5918,
732,0.0,1.528483,41.5921,
733,0.0,1.528522,41.5932,
734,0.0,1.554906,42.3111,
735,0.0,1.555057,42.3153,
736,0.0,1.55525,42.3205,
737,0.0,1.556348,42.3504,
738,0.0,1.556468,42.3536,
739,0.0,1.55653,42.3553,
740,0.0,1.556574,42.3565,
741,0.0,1.564913,42.5835,
742,0.0,1.565104,42.5887,
743,0.0,1.56517,42.5905,
744,0.0,1.565232,42.5921,
745,0.0,1.565329,42.5948,
746,0.0,1.59848,43.4968,
747,0.0,1.598587,43.4998,
748,0.0,1.598713,43.5032,
749,0.0,1.598837,43.5066,
750,0.0,1.599187,43.5161,
751,0.0,1.610707,43.8296,
752,0.0,1.610715,43.8298,
753,0.0,1.610734,43.8303,
754,0.0,1.610759,43.831,
755,0.0,1.612173,43.8695,
756,0.0,1.612264,43.8719,
757,0.0,1.612445,43.8768,
758,0.0,1.621264,44.1168,
759,0.0,1.621719,44.1292,
760,0.0,1.621918,44.1346,
761,0.0,1.622086,44.1392,
762,0.0,1.632982,44.4357,
763,0.0,1.633057,44.4377,
764,0.0,1.633123,44.4395,
765,0.0,1.655427,45.0465,
766,0.0,1.655443,45.0469,
767,0.0,1.655445,45.047,
768,0.0,1.664058,45.2813,
769,0.0,1.664091,45.2822,
770,0.0,1.66414,45.2835,
771,0.0,1.664171,45.2844,
772,0.0,1.664182,45.2847,
773,0.0,1.665911,45.3317,
774,0.0,1.666075,45.3362,
775,0.0,1.666093,45.3367,
776,0.0,1.666134,45.3378,
777,0.0,1.671941,45.4958,
778,0.0,1.672106,45.5003,
779,0.0,1.672236,45.5038,
780,0.0,1.67227,45.5048,
781,0.0,1.672559,45.5126,
782,0.0,1.712608,46.6024,
783,0.0,1.715614,46.6842,
784,0.0,1.715718,46.6871,
785,0.0,1.716211,46.7005,
786,0.0,1.719519,46.7905,
787,0.0,1.719949,46.8022,
788,0.0,1.720316,46.8122,
789,0.0,1.720502,46.8172,
790,0.0,1.721093,46.8333,
791,0.0,1.722031,46.8588,
792,0.0,1.722042,46.8591,
793,0.0,1.722098,46.8607,
794,0.0,1.722143,46.8619,
795,0.0,1.722186,46.8631,
796,0.0,1.747929,47.5636,
797,0.0,1.762471,47.9593,
798,0.0,1.76751,48.0964,
799,0.0,1.76752,48.0967,
800,0.0,1.767525,48.0968,
801,0.0,1.768313,48.1182,
802,0.0,1.770546,48.179,
803,0.0,1.774214,48.2788,
804,0.0,1.785317,48.581,
805,0.0,1.785749,48.5927,
806,0.0,1.78583,48.5949,
807,0.0,1.786009,48.5998,
808,0.0,1.786839,48.6224,
809,0.0,1.791904,48.7602,
810,0.0,1.793709,48.8093,
811,0.0,1.796225,48.8778,
812,0.0,1.797658,48.9167,
813,0.0,1.797889,48.9231,
814,0.0,1.798672,48.9443,
815,0.0,1.798677,48.9445,
816,0.0,1.798683,48.9447,
817,0.0,1.800143,48.9844,
818,0.0,1.80082,49.0028,
819,0.0,1.801141,49.0115,
820,0.0,1.802013,49.0353,
821,0.0,1.82981,49.7916,
822,0.0,1.82983,49.7922,
823,0.0,1.83001,49.7971,
824,0.0,1.834567,49.9211,
825,0.0,1.837538,50.002,
826,0.0,1.837592,50.0034,
827,0.0,1.837652,50.005,
828,0.0,1.837694,50.0062,
829,0.0,1.839482,50.0549,
830,0.0,1.842624,50.1403,
831,0.0,1.853941,50.4483,
832,0.0,1.853986,50.4495,
833,0.0,1.854131,50.4535,
834,0.0,1.860934,50.6386,
835,0.0,1.860979,50.6398,
836,0.0,1.860997,50.6403,
837,0.0,1.861029,50.6412,
838,0.0,1.873403,50.9779,
839,0.0,1.873831,50.9895,
840,0.0,1.873962,50.9931,
841,0.0,1.874168,50.9987,
842,0.0,1.874474,51.007,
843,0.0,1.888349,51.3846,
844,0.0,1.888353,51.3847,
845,0.0,1.888359,51.3848,
846,0.0,1.889885,51.4264,
847,0.0,1.889896,51.4267,
848,0.0,1.889922,51.4274,
849,0.0,1.898559,51.6624,
850,0.0,1.898764,51.668,
851,0.0,1.89897,51.6736,
852,0.0,1.918717,52.211,
853,0.0,1.918722,52.2111,
854,0.0,1.918734,52.2114,
855,0.0,1.918737,52.2115,
856,0.0,1.918808,52.2134,
857,0.0,1.949859,53.0584,
858,0.0,1.949906,53.0596,
859,0.0,1.949946,53.0607,
860,0.0,1.949963,53.0612,
861,0.0,1.950043,53.0634,
862,0.0,1.959247,53.3138,
863,0.0,1.959272,53.3145,
864,0.0,1.959278,53.3147,
865,0.0,1.959342,53.3164,
866,0.0,1.976965,53.796,
867,0.0,1.99419,54.2647,
868,0.0,1.994345,54.2689,
869,0.0,1.994456,54.2719,
870,0.0,1.994548,54.2744,
871,0.0,1.994588,54.2755,
872,0.0,2.000187,54.4278,
873,0.0,2.000299,54.4309,
874,0.0,2.000694,54.4416,
875,0.0,2.046927,55.6997,
876,0.0,2.047006,55.7019,
877,0.0,2.047058,55.7033,
878,0.0,2.047119,55.705,
879,0.0,2.047133,55.7053,
880,0.0,2.051845,55.8335,
881,0.0,2.051853,55.8337,
882,0.0,2.051861,55.834,
883,0.0,2.088997,56.8445,
884,0.0,2.089001,56.8446,
885,0.0,2.089009,56.8448,
886,0.0,2.089021,56.8452,
887,0.0,2.089039,56.8456,
888,0.0,2.090448,56.884,
889,0.0,2.090453,56.8841,
890,0.0,2.090464,56.8844,
891,0.0,2.144988,58.3681,
892,0.0,2.14528,58.376,
893,0.0,2.145319,58.3771,
894,0.0,2.145474,58.3813,
895,0.0,2.151238,58.5382,
896,0.0,2.151478,58.5447,
897,0.0,2.151577,58.5474,
898,0.0,2.151754,58.5522,
899,0.0,2.165135,58.9163,
900,0.0,2.165287,58.9204,
901,0.0,2.165382,58.923,
902,0.0,2.171679,59.0944,
903,0.0,2.171857,59.0992,
904,0.0,2.171993,59.1029,
905,0.0,2.172025,59.1038,
906,0.0,2.172295,59.1111,
907,0.0,2.181,59.348,
908,0.0,2.182587,59.3912,
909,0.0,2.183151,59.4066,
910,0.0,2.184134,59.4333,
911,0.0,2.185917,59.4818,
912,0.0,2.186058,59.4857,
913,0.0,2.186079,59.4862,
914,0.0,2.201995,59.9193,
915,0.0,2.202817,59.9417,
916,0.0,2.203175,59.9514,
917,0.0,2.203821,59.969,
918,0.0,2.210898,60.1616,
919,0.0,2.211307,60.1727,
920,0.0,2.21136,60.1742,
921,0.0,2.211561,60.1796,
922,0.0,2.215806,60.2951,
923,0.0,2.215837,60.296,
924,0.0,2.21585,60.2963,
925,0.0,2.215878,60.2971,
926,0.0,2.215915,60.2981,
927,0.0,2.219526,60.3964,
928,0.0,2.220622,60.4262,
929,0.0,2.221312,60.445,
930,0.0,2.228666,60.6451,
931,0.0,2.228736,60.647,
932,0.0,2.229103,60.657,
933,0.0,2.22917,60.6588,
934,0.0,2.229406,60.6652,
935,0.0,2.229709,60.6735,
936,0.0,2.229846,60.6772,
937,0.0,2.230072,60.6833,
938,0.0,2.245747,61.1099,
939,0.0,2.24597,61.1159,
940,0.0,2.246126,61.1202,
941,0.0,2.246221,61.1228,
942,0.0,2.246486,61.13,
943,0.0,2.246719,61.1363,
944,0.0,2.246859,61.1401,
945,0.0,2.246937,61.1423,
946,0.0,2.246972,61.1432,
947,0.0,2.271073,61.799,
948,0.0,2.271123,61.8004,
949,0.0,2.271163,61.8015,
950,0.0,2.285593,62.1941,
951,0.0,2.285604,62.1944,
952,0.0,2.285616,62.1948,
953,0.0,2.294533,62.4374,
954,0.0,2.294579,62.4387,
955,0.0,2.294795,62.4445,
956,0.0,2.294841,62.4458,
957,0.0,2.295051,62.4515,
958,0.0,2.379316,64.7445,
959,0.0,2.381872,64.814,
960,0.0,2.382113,64.8206,
961,0.0,2.382301,64.8257,
962,0.0,2.382378,64.8278,
963,0.0,2.382604,64.834,
964,0.0,2.38282,64.8398,
965,0.0,2.382839,64.8404,
966,0.0,2.382947,64.8433,
967,0.0,2.382965,64.8438,
968,0.0,2.383034,64.8457,
969,0.0,2.389916,65.0329,
970,0.0,2.390479,65.0482,
971,0.0,2.390747,65.0555,
972,0.0,2.391043,65.0636,
973,0.0,2.40369,65.4077,
974,0.0,2.40371,65.4083,
975,0.0,2.403776,65.4101,
976,0.0,2.40378,65.4102,
977,0.0,2.412509,65.6477,
978,0.0,2.412531,65.6483,
979,0.0,2.412538,65.6485,
980,0.0,2.431285,66.1586,
981,0.0,2.43149,66.1642,
982,0.0,2.432085,66.1804,
983,0.0,2.437937,66.3396,
984,0.0,2.437943,66.3398,
985,0.0,2.437964,66.3404,
986,0.0,2.437967,66.3405,
987,0.0,2.437979,66.3408,
988,0.0,2.438913,66.3662,
989,0.0,2.438913,66.3662,
990,0.0,2.438921,66.3664,
991,0.0,2.462422,67.0059,
992,0.0,2.463099,67.0243,
993,0.0,2.46338,67.032,
994,0.0,2.463804,67.0435,
995,0.0,2.464125,67.0523,
996,0.0,2.464275,67.0563,
997,0.0,2.464348,67.0583,
998,0.0,2.478155,67.434,
999,0.0,2.499298,68.0093,
1000,0.0,2.499337,68.0104,
1001,0.0,2.499352,68.0108,
1002,0.0,2.502522,68.0971,
1003,0.0,2.502713,68.1023,
1004,0.0,2.502828,68.1054,
1005,0.0,2.50868,68.2647,
1006,0.0,2.508805,68.2681,
1007,0.0,2.508907,68.2708,
1008,0.0,2.508919,68.2712,
1009,0.0,2.509087,68.2757,
1010,0.0,2.510248,68.3073,
1011,0.0,2.510519,68.3147,
1012,0.0,2.510564,68.3159,
1013,0.0,2.510765,68.3214,
1014,0.0,2.53545,68.9931,
1015,0.0,2.535609,68.9974,
1016,0.0,2.535711,69.0002,
1017,0.0,2.535759,69.0015,
1018,0.0,2.537435,69.0471,
1019,0.0,2.537534,69.0498,
1020,0.0,2.537666,69.0534,
1021,0.0,2.537696,69.0542,
1022,0.0,2.53779,69.0568,
1023,0.0,2.605106,70.8885,
1024,0.0,2.605197,70.891,
1025,0.0,2.605282,70.8933,
1026,0.0,2.605298,70.8938,
1027,0.0,2.605437,70.8975,
1028,0.0,2.607478,70.9531,
1029,0.0,2.607676,70.9585,
1030,0.0,2.607808,70.9621,
1031,0.0,2.607877,70.9639,
1032,0.0,2.615254,71.1647,
1033,0.0,2.61536,71.1676,
1034,0.0,2.615427,71.1694,
1035,0.0,2.615488,71.171,
1036,0.0,2.615501,71.1714,
1037,0.0,2.618526,71.2537,
1038,0.0,2.618535,71.254,
1039,0.0,2.618542,71.2542,
1040,0.0,2.630049,71.5673,
1041,0.0,2.630058,71.5675,
1042,0.0,2.630079,71.5681,
1043,0.0,2.656244,72.2801,
1044,0.0,2.656481,72.2865,
1045,0.0,2.656617,72.2902,
1046,0.0,2.656728,72.2932,
1047,0.0,2.700449,73.483,
1048,0.0,2.70046,73.4832,
1049,0.0,2.700471,73.4836,
1050,0.0,2.700478,73.4837,
1051,0.0,2.700481,73.4838,
1052,0.0,2.715991,73.9059,
1053,0.0,2.715997,73.906,
1054,0.0,2.716008,73.9063,
1055,0.0,2.716013,73.9065,
1056,0.0,2.716029,73.9069,
1057,0.0,2.716089,73.9085,
1058,0.0,2.7161,73.9088,
1059,0.0,2.716141,73.9099,
1060,0.0,2.716154,73.9103,
1061,0.0,2.728755,74.2532,
1062,0.0,2.728774,74.2537,
1063,0.0,2.728797,74.2543,
1064,0.0,2.729695,74.2788,
1065,0.0,2.72996,74.286,
1066,0.0,2.730084,74.2894,
1067,0.0,2.73406,74.3976,
1068,0.0,2.734066,74.3977,
1069,0.0,2.734066,74.3977,
1070,0.0,2.735059,74.4247,
1071,0.0,2.749801,74.8259,
1072,0.0,2.749808,74.8261,
1073,0.0,2.749825,74.8265,
1074,0.0,2.771963,75.4289,
1075,0.0,2.771969,75.4291,
1076,0.0,2.771983,75.4295,
1077,0.0,2.787284,75.8459,
1078,0.0,2.787372,75.8482,
1079,0.0,2.78747,75.8509,
1080,0.0,2.787503,75.8518,
1081,0.0,2.787518,75.8522,
1082,0.0,2.789009,75.8928,
1083,0.0,2.789055,75.894,
1084,0.0,2.78907,75.8945,
1085,0.0,2.791066,75.9488,
1086,0.0,2.791285,75.9547,
1087,0.0,2.791457,75.9594,
1088,0.0,2.79154,75.9617,
1089,0.0,2.803703,76.2926,
1090,0.0,2.803704,76.2927,
1091,0.0,2.803706,76.2927,
1092,0.0,2.804861,76.3242,
1093,0.0,2.8049,76.3252,
1094,0.0,2.804908,76.3254,
1095,0.0,2.804913,76.3256,
1096,0.0,2.834197,77.1224,
1097,0.0,2.834205,77.1226,
1098,0.0,2.834209,77.1227,
1099,0.0,2.834213,77.1229,
1100,0.0,2.834215,77.1229,
1101,0.0,2.874348,78.215,
1102,0.0,2.874387,78.2161,
1103,0.0,2.874419,78.2169,
1104,0.0,2.874433,78.2173,
1105,0.0,2.874509,78.2194,
1106,0.0,2.898586,78.8745,
1107,0.0,2.898596,78.8748,
1108,0.0,2.898604,78.875,
1109,0.0,2.905658,79.067,
1110,0.0,2.905691,79.0679,
1111,0.0,2.905718,79.0686,
1112,0.0,2.905745,79.0693,
1113,0.0,2.905767,79.0699,
1114,0.0,2.907458,79.116,
1115,0.0,2.907946,79.1292,
1116,0.0,2.908272,79.1381,
1117,0.0,2.908433,79.1425,
1118,0.0,2.92114,79.4883,
1119,0.0,2.933914,79.8359,
1120,0.0,2.933964,79.8372,
1121,0.0,2.933965,79.8372,
1122,0.0,2.933988,79.8379,
1123,0.0,2.935833,79.8881,
1124,0.0,2.935895,79.8898,
1125,0.0,2.935908,79.8901,
1126,0.0,2.935968,79.8917,
1127,0.0,2.93632,79.9013,
1128,0.0,2.936326,79.9015,
1129,0.0,2.936346,79.902,
1130,0.0,2.937949,79.9457,
1131,0.0,2.938505,79.9608,
1132,0.0,2.938729,79.9669,
1133,0.0,2.944317,80.1189,
1134,0.0,2.944345,80.1197,
1135,0.0,2.944381,80.1207,
1136,0.0,2.958383,80.5017,
1137,0.0,2.958396,80.502,
1138,0.0,2.9584,80.5021,
1139,0.0,2.958406,80.5023,
1140,0.0,2.95841,80.5024,
1141,0.0,2.964751,80.675,
1142,0.0,2.96477,80.6755,
1143,0.0,2.964784,80.6759,
1144,0.0,2.964796,80.6762,
1145,0.0,2.980866,81.1135,
1146,0.0,2.980891,81.1142,
1147,0.0,2.980973,81.1164,
1148,0.0,2.981005,81.1173,
1149,0.0,2.981075,81.1192,
1150,0.0,2.991044,81.3905,
1151,0.0,2.991059,81.3909,
1152,0.0,2.991093,81.3918,
1153,0.0,2.992398,81.4273,
1154,0.0,2.992402,81.4274,
1155,0.0,2.992407,81.4275,
1156,0.0,2.992411,81.4276,
1157,0.0,2.992419,81.4278,
1158,0.0,3.028361,82.4059,
1159,0.0,3.028366,82.406,
1160,0.0,3.028366,82.406,
1161,0.0,3.028374,82.4063,
1162,0.0,3.028382,82.4065,
1163,0.0,3.040847,82.7456,
1164,0.0,3.04091,82.7474,
1165,0.0,3.041004,82.7499,
1166,0.0,3.041697,82.7688,
1167,0.0,3.041709,82.7691,
1168,0.0,3.041715,82.7693,
1169,0.0,3.041717,82.7693,
1170,0.0,3.041742,82.77,
1171,0.0,3.059446,83.2518,
1172,0.0,3.05945,83.2519,
1173,0.0,3.05946,83.2521,
1174,0.0,3.067502,83.471,
1175,0.0,3.067505,83.4711,
1176,0.0,3.067511,83.4712,
1177,0.0,3.093967,84.1911,
1178,0.0,3.093976,84.1914,
1179,0.0,3.09399,84.1917,
1180,0.0,3.093998,84.192,
1181,0.0,3.094012,84.1923,
1182,0.0,3.112894,84.7062,
1183,0.0,3.112901,84.7063,
1184,0.0,3.112908,84.7065,
1185,0.0,3.112919,84.7068,
1186,0.0,3.112978,84.7084,
1187,0.0,3.134758,85.3011,
1188,0.0,3.134799,85.3022,
1189,0.0,3.134811,85.3025,
1190,0.0,3.134846,85.3035,
1191,0.0,3.139618,85.4334,
1192,0.0,3.139621,85.4334,
1193,0.0,3.13965,85.4342,
1194,0.0,3.13966,85.4345,
1195,0.0,3.139663,85.4346,
1196,0.0,3.143392,85.5361,
1197,0.0,3.143447,85.5376,
1198,0.0,3.143457,85.5378,
1199,0.0,3.143482,85.5385,
1200,0.0,3.160619,86.0048,
1201,0.0,3.160623,86.0049,
1202,0.0,3.160645,86.0055,
1203,0.0,3.160675,86.0064,
1204,0.0,3.163642,86.0871,
1205,0.0,3.165509,86.1379,
1206,0.0,3.172447,86.3267,
1207,0.0,3.172552,86.3295,
1208,0.0,3.172587,86.3305,
1209,0.0,3.179276,86.5125,
1210,0.0,3.179317,86.5136,
1211,0.0,3.17937,86.5151,
1212,0.0,3.184078,86.6432,
1213,0.0,3.184137,86.6448,
1214,0.0,3.184162,86.6455,
1215,0.0,3.194579,86.9289,
1216,0.0,3.194635,86.9304,
1217,0.0,3.194685,86.9318,
1218,0.0,3.194709,86.9325,
1219,0.0,3.232743,87.9674,
1220,0.0,3.232787,87.9686,
1221,0.0,3.232816,87.9694,
1222,0.0,3.248026,88.3833,
1223,0.0,3.24806,88.3842,
1224,0.0,3.248077,88.3847,
1225,0.0,3.248096,88.3852,
1226,0.0,3.250965,88.4633,
1227,0.0,3.250966,88.4633,
1228,0.0,3.250996,88.4641,
1229,0.0,3.25102,88.4648,
1230,0.0,3.251033,88.4651,
1231,0.0,3.260269,88.7164,
1232,0.0,3.260625,88.7261,
1233,0.0,3.260666,88.7272,
1234,0.0,3.260706,88.7283,
1235,0.0,3.260709,88.7284,
1236,0.0,3.260719,88.7287,
1237,0.0,3.261099,88.739,
1238,0.0,3.2744,89.101,
1239,0.0,3.274534,89.1046,
1240,0.0,3.274554,89.1052,
1241,0.0,3.274574,89.1057,
1242,0.0,3.274776,89.1112,
1243,0.0,3.280705,89.2725,
1244,0.0,3.280743,89.2736,
1245,0.0,3.280826,89.2758,
1246,0.0,3.281439,89.2925,
1247,0.0,3.308372,90.0254,
1248,0.0,3.308388,90.0258,
1249,0.0,3.308465,90.0279,
1250,0.0,3.308485,90.0284,
1251,0.0,3.308582,90.0311,
1252,0.0,3.326857,90.5284,
1253,0.0,3.326951,90.5309,
1254,0.0,3.327023,90.5329,
1255,0.0,3.327068,90.5341,
1256,0.0,3.327234,90.5386,
1257,0.0,3.328307,90.5678,
1258,0.0,3.328396,90.5703,
1259,0.0,3.328452,90.5718,
1260,0.0,3.32853,90.5739,
1261,0.0,3.328627,90.5765,
1262,0.0,3.328648,90.5771,
1263,0.0,3.328655,90.5773,
1264,0.0,3.330336,90.6231,
1265,0.0,3.330523,90.6281,
1266,0.0,3.330665,90.632,
1267,0.0,3.330903,90.6385,
1268,0.0,3.330926,90.6391,
1269,0.0,3.344449,91.0071,
1270,0.0,3.344495,91.0083,
1271,0.0,3.344618,91.0117,
1272,0.0,3.348979,91.1304,
1273,0.0,3.34908,91.1331,
1274,0.0,3.349108,91.1339,
1275,0.0,3.34914,91.1347,
1276,0.0,3.368717,91.6675,
1277,0.0,3.368723,91.6676,
1278,0.0,3.36873,91.6678,
1279,0.0,3.374866,91.8348,
1280,0.0,3.374901,91.8357,
1281,0.0,3.374912,91.836,
1282,0.0,3.37492,91.8362,
1283,0.0,3.375005,91.8386,
1284,0.0,3.390779,92.2678,
1285,0.0,3.390787,92.268,
1286,0.0,3.390793,92.2682,
1287,0.0,3.399281,92.4991,
1288,0.0,3.399306,92.4998,
1289,0.0,3.399313,92.5,
1290,0.0,3.402746,92.5934,
1291,0.0,3.402779,92.5943,
1292,0.0,3.402803,92.595,
1293,0.0,3.402828,92.5956,
1294,0.0,3.402831,92.5957,
1295,0.0,3.409995,92.7907,
1296,0.0,3.410028,92.7916,
1297,0.0,3.410052,92.7922,
1298,0.0,3.410076,92.7929,
1299,0.0,3.413033,92.8734,
1300,0.0,3.413057,92.874,
1301,0.0,3.413085,92.8748,
1302,0.0,3.419696,93.0547,
1303,0.0,3.419721,93.0553,
1304,0.0,3.419736,93.0558,
1305,0.0,3.419742,93.0559,
1306,0.0,3.419771,93.0567,
1307,0.0,3.420074,93.0649,
1308,0.0,3.420394,93.0736,
1309,0.0,3.420481,93.076,
1310,0.0,3.420734,93.0829,
1311,0.0,3.421033,93.091,
1312,0.0,3.424005,93.1719,
1313,0.0,3.424066,93.1736,
1314,0.0,3.424092,93.1743,
1315,0.0,3.424191,93.177,
1316,0.0,3.433239,93.4232,
1317,0.0,3.433271,93.424,
1318,0.0,3.433373,93.4268,
1319,0.0,3.435961,93.4972,
1320,0.0,3.436021,93.4989,
1321,0.0,3.436026,93.499,
1322,0.0,3.436097,93.501,
1323,0.0,3.486247,94.8656,
1324,0.0,3.486263,94.866,
1325,0.0,3.48628,94.8665,
1326,0.0,3.486301,94.8671,
1327,0.0,3.486309,94.8673,
1328,0.0,3.494663,95.0946,
1329,0.0,3.49469,95.0953,
1330,0.0,3.494701,95.0956,
1331,0.0,3.494717,95.0961,
1332,0.0,3.50166,95.285,
1333,0.0,3.501719,95.2866,
1334,0.0,3.501869,95.2907,
1335,0.0,3.513402,95.6045,
1336,0.0,3.513469,95.6063,
1337,0.0,3.513506,95.6074,
1338,0.0,3.513553,95.6086,
1339,0.0,3.513628,95.6107,
1340,0.0,3.521301,95.8195,
1341,0.0,3.521305,95.8196,
1342,0.0,3.521307,95.8196,
1343,0.0,3.521308,95.8197,
1344,0.0,3.521317,95.8199,
1345,0.0,3.531733,96.1033,
1346,0.0,3.531747,96.1037,
1347,0.0,3.531763,96.1041,
1348,0.0,3.538448,96.2861,
1349,0.0,3.53845,96.2861,
1350,0.0,3.538455,96.2862,
1351,0.0,3.555571,96.752,
1352,0.0,3.555662,96.7545,
1353,0.0,3.555675,96.7548,
1354,0.0,3.555782,96.7578,
1355,0.0,3.560008,96.8727,
1356,0.0,3.560019,96.873,
1357,0.0,3.560024,96.8732,
1358,0.0,3.56006,96.8741,
1359,0.0,3.563637,96.9715,
1360,0.0,3.56364,96.9716,
1361,0.0,3.563642,96.9716,
1362,0.0,3.563651,96.9719,
1363,0.0,3.574359,97.2633,
1364,0.0,3.574395,97.2642,
1365,0.0,3.574398,97.2643,
1366,0.0,3.581936,97.4694,
1367,0.0,3.581937,97.4695,
1368,0.0,3.581945,97.4697,
1369,0.0,3.601443,98.0002,
1370,0.0,3.601453,98.0005,
1371,0.0,3.601475,98.0011,
1372,0.0,3.601494,98.0016,
1373,0.0,3.605176,98.1018,
1374,0.0,3.608998,98.2058,
1375,0.0,3.609039,98.2069,
1376,0.0,3.609079,98.208,
1377,0.0,3.609107,98.2088,
1378,0.0,3.60913,98.2094,
1379,0.0,3.611145,98.2642,
1380,0.0,3.611207,98.2659,
1381,0.0,3.611261,98.2674,
1382,0.0,3.613742,98.3349,
1383,0.0,3.613745,98.335,
1384,0.0,3.61375,98.3351,
1385,0.0,3.613762,98.3355,
1386,0.0,3.617096,98.4262,
1387,0.0,3.617124,98.427,
1388,0.0,3.617126,98.427,
1389,0.0,3.617129,98.4271,
1390,0.0,3.617131,98.4271,
1391,0.0,3.670079,99.8679,
1392,0.0,3.670131,99.8693,
1393,0.0,3.670136,99.8695,
1394,0.0,3.670143,99.8697,
1395,0.0,3.670145,99.8697,
1396,0.0,3.672795,99.9418,
1397,0.0,3.672815,99.9424,
1398,0.0,3.672839,99.943,
1399,0.0,3.699066,100.6567,
1400,0.0,3.699086,100.6573,
1401,0.0,3.699096,100.6575,
1402,0.0,3.699101,100.6576,
1403,0.0,3.699169,100.6595,
1404,0.0,3.767898,102.5297,
1405,0.0,3.768007,102.5327,
1406,0.0,3.768121,102.5358,
1407,0.0,3.768192,102.5377,
1408,0.0,3.768219,102.5384,
1409,0.0,3.77001,102.5872,
1410,0.0,3.770013,102.5873,
1411,0.0,3.770016,102.5873,
1412,0.0,3.782235,102.9198,
1413,0.0,3.782853,102.9367,
1414,0.0,3.783211,102.9464,
1415,0.0,3.790105,103.134,
1416,0.0,3.800814,103.4254,
1417,0.0,3.800831,103.4259,
1418,0.0,3.800856,103.4266,
1419,0.0,3.816106,103.8415,
1420,0.0,3.816124,103.842,
1421,0.0,3.816156,103.8429,
1422,0.0,3.816168,103.8432,
1423,0.0,3.816188,103.8437,
1424,0.0,3.819029,103.9211,
1425,0.0,3.819037,103.9213,
1426,0.0,3.819044,103.9215,
1427,0.0,3.834425,104.34,
1428,0.0,3.834429,104.3401,
1429,0.0,3.834433,104.3402,
1430,0.0,3.834465,104.3411,
1431,0.0,3.845051,104.6292,
1432,0.0,3.845063,104.6295,
1433,0.0,3.845107,104.6307,
1434,0.0,3.845234,104.6341,
1435,0.0,3.867318,105.2351,
1436,0.0,3.867325,105.2353,
1437,0.0,3.867344,105.2358,
1438,0.0,3.867351,105.236,
1439,0.0,3.867386,105.2369,
1440,0.0,3.87452,105.431,
1441,0.0,3.87452,105.431,
1442,0.0,3.874526,105.4312,
1443,0.0,3.886161,105.7478,
1444,0.0,3.886167,105.748,
1445,0.0,3.886171,105.7481,
1446,0.0,3.886174,105.7482,
1447,0.0,3.886175,105.7482,
1448,0.0,3.904606,106.2497,
1449,0.0,3.90461,106.2498,
1450,0.0,3.904611,106.2499,
1451,0.0,3.922339,106.7323,
1452,0.0,3.923091,106.7527,
1453,0.0,3.923101,106.753,
1454,0.0,3.923149,106.7543,
1455,0.0,3.923151,106.7544,
1456,0.0,3.923154,106.7544,
1457,0.0,3.923177,106.7551,
1458,0.0,3.923283,106.758,
1459,0.0,3.923391,106.7609,
1460,0.0,3.923395,106.761,
1461,0.0,3.923395,106.761,
1462,0.0,3.923396,106.761,
1463,0.0,3.923908,106.775,
1464,0.0,3.946791,107.3976,
1465,0.0,3.946814,107.3983,
1466,0.0,3.946863,107.3996,
1467,0.0,3.95665,107.6659,
1468,0.0,3.956698,107.6672,
1469,0.0,3.956766,107.6691,
1470,0.0,3.978704,108.266,
1471,0.0,3.978704,108.266,
1472,0.0,3.978718,108.2664,
1473,0.0,4.000419,108.8569,
1474,0.0,4.000435,108.8574,
1475,0.0,4.000443,108.8576,
1476,0.0,4.009789,109.1119,
1477,0.0,4.00979,109.1119,
1478,0.0,4.009793,109.112,
1479,0.0,4.009796,109.1121,
1480,0.0,4.014996,109.2536,
1481,0.0,4.014999,109.2537,
1482,0.0,4.015,109.2537,
1483,0.0,4.015008,109.2539,
1484,0.0,4.015009,109.2539,
1485,0.0,4.019119,109.3658,
1486,0.0,4.019126,109.366,
1487,0.0,4.019148,109.3666,
1488,0.0,4.019154,109.3667,
1489,0.0,4.037112,109.8554,
1490,0.0,4.037136,109.856,
1491,0.0,4.037183,109.8573,
1492,0.0,4.037287,109.8602,
1493,0.0,4.037295,109.8604,
1494,0.0,4.0373,109.8605,
1495,0.0,4.04646,110.1098,
1496,0.0,4.046469,110.11,
1497,0.0,4.046482,110.1104,
1498,0.0,4.04649,110.1106,
1499,0.0,4.046496,110.1108,
1500,0.0,4.046591,110.1134,
1501,0.0,4.046606,110.1138,
1502,0.0,4.046609,110.1138,
1503,0.0,4.046625,110.1143,
1504,0.0,4.046641,110.1147,
1505,0.0,4.054447,110.3271,
1506,0.0,4.05452,110.3291,
1507,0.0,4.054582,110.3308,
1508,0.0,4.054632,110.3321,
1509,0.0,4.060722,110.4979,
1510,0.0,4.060734,110.4982,
1511,0.0,4.060738,110.4983,
1512,0.0,4.060764,110.499,
1513,0.0,4.06082,110.5005,
1514,0.0,4.069256,110.7301,
1515,0.0,4.069891,110.7474,
1516,0.0,4.070491,110.7637,
1517,0.0,4.080439,111.0344,
1518,0.0,4.081091,111.0521,
1519,0.0,4.081313,111.0582,
1520,0.0,4.081734,111.0696,
1521,0.0,4.124159,112.2241,
1522,0.0,4.1242,112.2252,
1523,0.0,4.124242,112.2263,
1524,0.0,4.124252,112.2266,
1525,0.0,4.124298,112.2278,
1526,0.0,4.125046,112.2482,
1527,0.0,4.14322,112.7427,
1528,0.0,4.143276,112.7443,
1529,0.0,4.143325,112.7456,
1530,0.0,4.143359,112.7465,
1531,0.0,4.143366,112.7467,
1532,0.0,4.149421,112.9115,
1533,0.0,4.149443,112.9121,
1534,0.0,4.149466,112.9127,
1535,0.0,4.162415,113.2651,
1536,0.0,4.162977,113.2804,
1537,0.0,4.16328,113.2886,
1538,0.0,4.163469,113.2938,
1539,0.0,4.164018,113.3087,
1540,0.0,4.16411,113.3112,
1541,0.0,4.164247,113.3149,
1542,0.0,4.164322,113.317,
1543,0.0,4.164349,113.3177,
1544,0.0,4.178142,113.693,
1545,0.0,4.178212,113.6949,
1546,0.0,4.17827,113.6965,
1547,0.0,4.178273,113.6966,
1548,0.0,4.178372,113.6993,
1549,0.0,4.178506,113.7029,
1550,0.0,4.184513,113.8664,
1551,0.0,4.184727,113.8722,
1552,0.0,4.184822,113.8748,
1553,0.0,4.184976,113.879,
1554,0.0,4.195265,114.159,
1555,0.0,4.195272,114.1591,
1556,0.0,4.195274,114.1592,
1557,0.0,4.211146,114.5911,
1558,0.0,4.211503,114.6008,
1559,0.0,4.211748,114.6075,
1560,0.0,4.251307,115.6839,
1561,0.0,4.251368,115.6856,
1562,0.0,4.251419,115.687,
1563,0.0,4.268403,116.1492,
1564,0.0,4.26842,116.1496,
1565,0.0,4.268428,116.1498,
1566,0.0,4.270001,116.1926,
1567,0.0,4.2702,116.198,
1568,0.0,4.270366,116.2026,
1569,0.0,4.270487,116.2059,
1570,0.0,4.270539,116.2073,
1571,0.0,4.289121,116.7129,
1572,0.0,4.289221,116.7156,
1573,0.0,4.289278,116.7172,
1574,0.0,4.289326,116.7185,
1575,0.0,4.311672,117.3265,
1576,0.0,4.311678,117.3267,
1577,0.0,4.31169,117.327,
1578,0.0,4.311701,117.3273,
1579,0.0,4.311704,117.3274,
1580,0.0,4.343859,118.2024,
1581,0.0,4.343899,118.2035,
1582,0.0,4.343913,118.2039,
1583,0.0,4.34392,118.2041,
1584,0.0,4.344446,118.2184,
1585,0.0,4.344499,118.2198,
1586,0.0,4.344571,118.2218,
1587,0.0,4.34459,118.2223,
1588,0.0,4.344689,118.225,
1589,0.0,4.403509,119.8256,
1590,0.0,4.403591,119.8278,
1591,0.0,4.403645,119.8293,
1592,0.0,4.403711,119.8311,
1593,0.0,4.422217,120.3346,
1594,0.0,4.42227,120.3361,
1595,0.0,4.422326,120.3376,
1596,0.0,4.42884,120.5149,
1597,0.0,4.428845,120.515,
1598,0.0,4.428863,120.5155,
1599,0.0,4.428868,120.5156,
1600,0.0,4.428893,120.5163,
1601,0.0,4.442724,120.8927,
1602,0.0,4.442726,120.8927,
1603,0.0,4.442734,120.8929,
1604,0.0,4.465367,121.5088,
1605,0.0,4.465368,121.5088,
1606,0.0,4.465371,121.5089,
1607,0.0,4.465374,121.509,
1608,0.0,4.465393,121.5095,
1609,0.0,4.468598,121.5967,
1610,0.0,4.468602,121.5968,
1611,0.0,4.468607,121.597,
1612,0.0,4.517001,122.9139,
1613,0.0,4.517028,122.9146,
1614,0.0,4.517166,122.9183,
1615,0.0,4.527213,123.1917,
1616,0.0,4.527639,123.2033,
1617,0.0,4.527677,123.2044,
1618,0.0,4.527718,123.2055,
1619,0.0,4.527764,123.2067,
1620,0.0,4.527787,123.2073,
1621,0.0,4.548808,123.7794,
1622,0.0,4.549045,123.7858,
1623,0.0,4.5491,123.7873,
1624,0.0,4.554751,123.9411,
1625,0.0,4.554763,123.9414,
1626,0.0,4.554768,123.9415,
1627,0.0,4.554777,123.9418,
1628,0.0,4.563397,124.1764,
1629,0.0,4.563399,124.1764,
1630,0.0,4.563416,124.1769,
1631,0.0,4.609281,125.4249,
1632,0.0,4.609284,125.425,
1633,0.0,4.609286,125.425,
1634,0.0,4.609293,125.4252,
1635,0.0,4.609296,125.4253,
1636,0.0,4.634951,126.1234,
1637,0.0,4.634965,126.1238,
1638,0.0,4.634979,126.1242,
1639,0.0,4.643167,126.347,
1640,0.0,4.643171,126.3471,
1641,0.0,4.643175,126.3472,
1642,0.0,4.663657,126.9046,
1643,0.0,4.66367,126.9049,
1644,0.0,4.663695,126.9056,
1645,0.0,4.663707,126.9059,
1646,0.0,4.663713,126.9061,
1647,0.0,4.69158,127.6644,
1648,0.0,4.691607,127.6651,
1649,0.0,4.691622,127.6655,
1650,0.0,4.691624,127.6656,
1651,0.0,4.706426,128.0684,
1652,0.0,4.706621,128.0737,
1653,0.0,4.706703,128.0759,
1654,0.0,4.706764,128.0776,
1655,0.0,4.715878,128.3256,
1656,0.0,4.715913,128.3265,
1657,0.0,4.715953,128.3276,
1658,0.0,4.71597,128.3281,
1659,0.0,4.715991,128.3286,
1660,0.0,4.734163,128.8231,
1661,0.0,4.734172,128.8234,
1662,0.0,4.734173,128.8234,
1663,0.0,4.758618,129.4886,
1664,0.0,4.758642,129.4892,
1665,0.0,4.758659,129.4897,
1666,0.0,4.780463,130.083,
1667,0.0,4.780472,130.0832,
1668,0.0,4.780477,130.0834,
1669,0.0,4.786671,130.2519,
1670,0.0,4.786732,130.2536,
1671,0.0,4.786738,130.2538,
1672,0.0,4.809537,130.8741,
1673,0.0,4.809542,130.8743,
1674,0.0,4.809552,130.8746,
1675,0.0,4.80957,130.8751,
1676,0.0,4.809629,130.8766,
1677,0.0,4.840887,131.7272,
1678,0.0,4.840893,131.7274,
1679,0.0,4.840908,131.7278,
1680,0.0,4.840922,131.7282,
1681,0.0,4.840948,131.7289,
1682,0.0,4.842493,131.7709,
1683,0.0,4.842507,131.7713,
1684,0.0,4.842515,131.7715,
1685,0.0,4.842529,131.7719,
1686,0.0,4.913034,133.6904,
1687,0.0,4.91305,133.6909,
1688,0.0,4.913058,133.6911,
1689,0.0,4.924171,133.9935,
1690,0.0,4.924264,133.996,
1691,0.0,4.924312,133.9973,
1692,0.0,4.924416,134.0002,
1693,0.0,4.95738,134.8972,
1694,0.0,4.957393,134.8975,
1695,0.0,4.957402,134.8978,
1696,0.0,4.957402,134.8978,
1697,0.0,4.95742,134.8983,
1698,0.0,4.981902,135.5644,
1699,0.0,4.981945,135.5656,
1700,0.0,4.981953,135.5658,
1701,0.0,4.995875,135.9447,
1702,0.0,4.995884,135.9449,
1703,0.0,4.99589,135.9451,
1704,0.0,4.995898,135.9453,
1705,0.0,5.03053,136.8877,
1706,0.0,5.030533,136.8878,
1707,0.0,5.030535,136.8878,
1708,0.0,5.039433,137.1299,
1709,0.0,5.039437,137.1301,
1710,0.0,5.039439,137.1301,
1711,0.0,5.039443,137.1302,
1712,0.0,5.039449,137.1304,
1713,0.0,5.05494,137.5519,
1714,0.0,5.054945,137.552,
1715,0.0,5.054947,137.5521,
1716,0.0,5.054949,137.5522,
1717,0.0,5.054968,137.5527,
1718,0.0,5.055515,137.5676,
1719,0.0,5.05555,137.5685,
1720,0.0,5.05556,137.5688,
1721,0.0,5.05558,137.5693,
1722,0.0,5.092026,138.5611,
1723,0.0,5.09204,138.5615,
1724,0.0,5.09205,138.5617,
1725,0.0,5.092053,138.5618,
1726,0.0,5.121888,139.3737,
1727,0.0,5.121891,139.3737,
1728,0.0,5.121896,139.3739,
1729,0.0,5.121908,139.3742,
1730,0.0,5.130498,139.608,
1731,0.0,5.130521,139.6086,
1732,0.0,5.130536,139.609,
1733,0.0,5.163224,140.4985,
1734,0.0,5.163282,140.5,
1735,0.0,5.163316,140.501,
1736,0.0,5.163363,140.5022,
1737,0.0,5.163427,140.504,
1738,0.0,5.163759,140.513,
1739,0.0,5.163763,140.5131,
1740,0.0,5.163774,140.5134,
1741,0.0,5.192678,141.3,
1742,0.0,5.192683,141.3001,
1743,0.0,5.192694,141.3004,
1744,0.0,5.241176,142.6197,
1745,0.0,5.241201,142.6203,
1746,0.0,5.241219,142.6208,
1747,0.0,5.241223,142.6209,
1748,0.0,5.241248,142.6216,
1749,0.0,5.241985,142.6417,
1750,0.0,5.242163,142.6465,
1751,0.0,5.242291,142.65,
1752,0.0,5.282053,143.732,
1753,0.0,5.282112,143.7336,
1754,0.0,5.282146,143.7345,
1755,0.0,5.299104,144.196,
1756,0.0,5.29916,144.1975,
1757,0.0,5.299263,144.2003,
1758,0.0,5.299278,144.2007,
1759,0.0,5.299283,144.2008,
1760,0.0,5.340235,145.3152,
1761,0.0,5.34026,145.3159,
1762,0.0,5.340343,145.3181,
1763,0.0,5.34035,145.3183,
1764,0.0,5.340429,145.3205,
1765,0.0,5.34363,145.4076,
1766,0.0,5.343671,145.4087,
1767,0.0,5.343694,145.4093,
1768,0.0,5.343711,145.4098,
1769,0.0,5.343769,145.4114,
1770,0.0,5.439284,148.0104,
1771,0.0,5.439312,148.0112,
1772,0.0,5.439348,148.0122,
1773,0.0,5.439353,148.0123,
1774,0.0,5.446281,148.2008,
1775,0.0,5.446308,148.2016,
1776,0.0,5.446324,148.202,
1777,0.0,5.460051,148.5755,
1778,0.0,5.460159,148.5785,
1779,0.0,5.460237,148.5806,
1780,0.0,5.496192,149.559,
1781,0.0,5.496213,149.5596,
1782,0.0,5.496226,149.5599,
1783,0.0,5.496294,149.5618,
1784,0.0,5.528625,150.4415,
1785,0.0,5.548776,150.9899,
1786,0.0,5.548824,150.9912,
1787,0.0,5.54886,150.9922,
1788,0.0,5.548888,150.9929,
1789,0.0,5.549022,150.9966,
1790,0.0,5.550407,151.0342,
1791,0.0,5.550472,151.036,
1792,0.0,5.550521,151.0374,
1793,0.0,5.550571,151.0387,
1794,0.0,5.569143,151.5441,
1795,0.0,5.569161,151.5446,
1796,0.0,5.569171,151.5448,
1797,0.0,5.569216,151.5461,
1798,0.0,5.607759,152.5949,
1799,0.0,5.607767,152.5951,
1800,0.0,5.607767,152.5951,
1801,0.0,5.607814,152.5964,
1802,0.0,5.607832,152.5969,
1803,0.0,5.661196,154.049,
1804,0.0,5.661251,154.0505,
1805,0.0,5.66131,154.0521,
1806,0.0,5.661679,154.0621,
1807,0.0,5.697595,155.0394,
1808,0.0,5.697716,155.0427,
1809,0.0,5.697872,155.047,
1810,0.0,5.724527,155.7723,
1811,0.0,5.724561,155.7732,
1812,0.0,5.724567,155.7734,
1813,0.0,5.813949,158.2056,
1814,0.0,5.813979,158.2064,
1815,0.0,5.814006,158.2071,
1816,0.0,5.946147,161.8029,
1817,0.0,5.946177,161.8037,
1818,0.0,5.946198,161.8043,
1819,0.0,5.94621,161.8046,
1820,0.0,5.946227,161.8051,
1821,0.0,6.036327,164.2568,
1822,0.0,6.036396,164.2587,
1823,0.0,6.036532,164.2624,
1824,0.0,6.036572,164.2635,
1825,0.0,6.04392,164.4634,
1826,0.0,6.191387,168.4762,
1827,0.0,6.19153,168.4801,
1828,0.0,6.191555,168.4808,
1829,0.0,6.375551,173.4876,
1830,0.0,6.375576,173.4882,
1831,0.0,6.375581,173.4884,
1832,0.0,6.727987,183.0778,
1833,0.0,6.757873,183.8911,
1834,0.0,6.757877,183.8912,
1835,0.0,6.757878,183.8912,
1836,0.0,6.757879,183.8912,
1837,0.0,6.757883,183.8914,
1838,0.0,6.758465,183.9072,
1839,0.0,6.758466,183.9072,
1840,0.0,6.758469,183.9073,
1841,0.0,6.758472,183.9074,
1842,0.0,8.384395,228.151,
1843,0.0,8.384419,228.1516,
1844,0.0,8.384435,228.1521,
1845,0.0,8.384446,228.1524,
1846,0.0,8.388809,228.2711,
1847,0.0,8.38881,228.2711,
1848,0.0,8.388811,228.2712,
1849,0.0,9.128052,248.3869,
1850,0.0,9.128054,248.387,
1851,0.0,9.128055,248.387,
1852,0.0,9.128056,248.387,
1853,0.0,9.128057,248.3871,
1854,0.0,10.005252,272.2568,
1855,0.0,22.075617,600.7081,
1856,0.0,22.666928,616.7985,
1857,0.0,22.66698,616.7999,
1858,0.0,22.666985,616.8,
1859,0.0,22.666987,616.8001,
1860,0.0,22.667023,616.801,
1861,0.0,22.833448,621.3297,
1862,0.0,22.833477,621.3305,
1863,0.0,22.833507,621.3313,
1864,0.0,22.892435,622.9348,
1865,0.0,22.892471,622.9358,
1866,0.0,22.89249,622.9363,
1867,0.0,22.924068,623.7956,
1868,0.0,22.924074,623.7958,
1869,0.0,22.924089,623.7962,
1870,0.0,22.924116,623.7969,
1871,0.0,22.991798,625.6386,
1872,0.0,22.991823,625.6393,
1873,0.0,22.991845,625.6399,
1874,0.0,22.991848,625.64,
1875,0.0,22.991859,625.6403,
1876,0.0,23.121852,629.1776,
1877,0.0,23.121864,629.1779,
1878,0.0,23.12189,629.1786,
1879,0.0,23.125403,629.2742,
1880,0.0,23.125406,629.2743,
1881,0.0,23.125409,629.2744,
1882,0.0,23.125446,629.2754,
1883,0.0,23.128479,629.3579,
1884,0.0,23.128494,629.3583,
1885,0.0,23.128534,629.3594,
1886,0.0,23.238849,632.3612,
1887,0.0,23.238875,632.3619,
1888,0.0,23.238896,632.3625,
1889,0.0,23.238935,632.3636,
1890,0.0,23.23904,632.3664,
1891,0.0,23.241053,632.4212,
1892,0.0,23.241122,632.4231,
1893,0.0,23.241166,632.4243,
1894,0.0,23.241181,632.4247,
1895,0.0,23.241182,632.4247,
1896,0.0,23.425224,637.4327,
1897,0.0,23.42523,637.4329,
1898,0.0,23.425282,637.4343,
1899,0.0,23.49738,639.3962,
1900,0.0,23.497451,639.3981,
1901,0.0,23.497486,639.3991,
1902,0.0,23.497515,639.3999,
1903,0.0,23.497525,639.4002,
1904,0.0,23.532629,640.3554,
1905,0.0,23.532648,640.3559,
1906,0.0,23.532693,640.3571,
1907,0.0,23.5327,640.3573,
1908,0.0,23.873916,649.6423,
1909,0.0,23.873979,649.644,
1910,0.0,23.874093,649.6471,
1911,0.0,23.874106,649.6474,
1912,0.0,23.958016,651.9308,
1913,0.0,23.958091,651.9328,
1914,0.0,23.958131,651.9339,
1915,0.0,36.673434,997.9349,
1916,0.0,196.065592,5335.216,
