conformer,relative_energy_kcal_mol,degeneracy,percent_total,percent_cumulative
0,0.0,1,7.97,7.97
1,0.388,1,4.14,12.1
2,0.57,1,3.04,15.15
3,0.655,1,2.64,17.79
4,0.73,1,2.32,20.11
5,0.737,1,2.3,22.4
6,0.747,1,2.26,24.66
7,0.808,1,2.04,26.7
8,0.81,1,2.03,28.73
9,0.82,1,2.0,30.72
10,0.826,1,1.98,32.7
11,0.833,1,1.95,34.65
12,0.897,1,1.75,36.41
13,0.9,1,1.74,38.15
14,0.906,1,1.73,39.88
15,1.05,1,1.35,41.23
16,1.063,1,1.32,42.56
17,1.065,1,1.32,43.87
18,1.091,1,1.26,45.14
19,1.16,1,1.12,46.26
20,1.314,1,0.87,47.13
21,1.33,1,0.84,47.97
22,1.341,1,0.83,48.8
23,1.36,1,0.8,49.6
24,1.382,1,0.77,50.38
25,1.386,1,0.77,51.14
26,1.391,1,0.76,51.91
27,1.401,1,0.75,52.65
28,1.409,1,0.74,53.39
29,1.413,1,0.73,54.13
30,1.455,1,0.68,54.81
31,1.467,1,0.67,55.48
32,1.467,1,0.67,56.15
33,1.474,1,0.66,56.81
34,1.482,1,0.65,57.46
35,1.502,1,0.63,58.1
36,1.541,1,0.59,58.69
37,1.554,1,0.58,59.26
38,1.58,1,0.55,59.82
39,1.585,1,0.55,60.37
40,1.614,1,0.52,60.89
41,1.631,1,0.51,61.4
42,1.661,1,0.48,61.88
43,1.663,1,0.48,62.36
44,1.665,1,0.48,62.84
45,1.675,1,0.47,63.31
46,1.675,1,0.47,63.78
47,1.683,1,0.47,64.25
48,1.697,1,0.45,64.7
49,1.712,1,0.44,65.15
50,1.713,1,0.44,65.59
51,1.726,1,0.43,66.02
52,1.726,1,0.43,66.45
53,1.734,1,0.43,66.88
54,1.749,1,0.42,67.3
55,1.757,1,0.41,67.71
56,1.757,1,0.41,68.12
57,1.763,1,0.41,68.52
58,1.782,1,0.39,68.92
59,1.793,1,0.39,69.3
60,1.825,1,0.37,69.67
61,1.865,1,0.34,70.01
62,1.897,1,0.32,70.33
63,1.935,1,0.3,70.64
64,1.95,1,0.3,70.94
65,1.957,1,0.29,71.23
66,1.961,1,0.29,71.52
67,1.978,1,0.28,71.8
68,1.99,1,0.28,72.08
69,1.99,1,0.28,72.36
70,2.004,1,0.27,72.63
71,2.007,1,0.27,72.9
72,2.017,1,0.26,73.16
73,2.017,1,0.26,73.42
74,2.02,1,0.26,73.69
75,2.031,1,0.26,73.95
76,2.034,1,0.26,74.2
77,2.06,1,0.25,74.45
78,2.061,1,0.25,74.7
79,2.065,1,0.24,74.94
80,2.071,1,0.24,75.18
81,2.073,1,0.24,75.42
82,2.073,1,0.24,75.66
83,2.086,1,0.24,75.9
84,2.1,1,0.23,76.13
85,2.101,1,0.23,76.36
86,2.102,1,0.23,76.59
87,2.102,1,0.23,76.82
88,2.109,1,0.23,77.04
89,2.11,1,0.23,77.27
90,2.119,1,0.22,77.49
91,2.124,1,0.22,77.71
92,2.134,1,0.22,77.93
93,2.135,1,0.22,78.15
94,2.138,1,0.22,78.36
95,2.154,1,0.21,78.57
96,2.158,1,0.21,78.78
97,2.163,1,0.21,78.99
98,2.166,1,0.21,79.2
99,2.169,1,0.2,79.4
100,2.17,1,0.2,79.6
101,2.176,1,0.2,79.81
102,2.189,1,0.2,80.0
103,2.189,1,0.2,80.2
104,2.202,1,0.19,80.4
105,2.203,1,0.19,80.59
106,2.221,1,0.19,80.78
107,2.257,1,0.18,80.95
108,2.27,1,0.17,81.13
109,2.274,1,0.17,81.3
110,2.287,1,0.17,81.47
111,2.287,1,0.17,81.63
112,2.3,1,0.16,81.8
113,2.314,1,0.16,81.96
114,2.322,1,0.16,82.12
115,2.325,1,0.16,82.27
116,2.336,1,0.15,82.43
117,2.341,1,0.15,82.58
118,2.347,1,0.15,82.73
119,2.382,1,0.14,82.88
120,2.382,1,0.14,83.02
121,2.383,1,0.14,83.16
122,2.39,1,0.14,83.3
123,2.392,1,0.14,83.44
124,2.397,1,0.14,83.58
125,2.413,1,0.14,83.72
126,2.413,1,0.14,83.86
127,2.423,1,0.13,83.99
128,2.435,1,0.13,84.12
129,2.444,1,0.13,84.25
130,2.447,1,0.13,84.38
131,2.457,1,0.13,84.5
132,2.459,1,0.13,84.63
133,2.462,1,0.12,84.75
134,2.465,1,0.12,84.88
135,2.47,1,0.12,85.0
136,2.474,1,0.12,85.12
137,2.478,1,0.12,85.24
138,2.481,1,0.12,85.36
139,2.485,1,0.12,85.48
140,2.487,1,0.12,85.6
141,2.496,1,0.12,85.72
142,2.498,1,0.12,85.84
143,2.499,1,0.12,85.96
144,2.507,1,0.12,86.07
145,2.515,1,0.11,86.19
146,2.517,1,0.11,86.3
147,2.518,1,0.11,86.41
148,2.525,1,0.11,86.53
149,2.537,1,0.11,86.64
150,2.56,1,0.11,86.74
151,2.567,1,0.1,86.85
152,2.571,1,0.1,86.95
153,2.572,1,0.1,87.05
154,2.579,1,0.1,87.16
155,2.588,1,0.1,87.26
156,2.619,1,0.1,87.35
157,2.622,1,0.1,87.45
158,2.626,1,0.09,87.54
159,2.628,1,0.09,87.64
160,2.652,1,0.09,87.73
161,2.653,1,0.09,87.82
162,2.672,1,0.09,87.91
163,2.68,1,0.09,87.99
164,2.681,1,0.09,88.08
165,2.691,1,0.08,88.17
166,2.7,1,0.08,88.25
167,2.707,1,0.08,88.33
168,2.708,1,0.08,88.41
169,2.709,1,0.08,88.5
170,2.727,1,0.08,88.58
171,2.728,1,0.08,88.66
172,2.731,1,0.08,88.74
173,2.736,1,0.08,88.81
174,2.74,1,0.08,88.89
175,2.746,1,0.08,88.97
176,2.755,1,0.08,89.05
177,2.756,1,0.08,89.12
178,2.758,1,0.08,89.2
179,2.758,1,0.08,89.27
180,2.759,1,0.08,89.35
181,2.764,1,0.08,89.42
182,2.766,1,0.07,89.5
183,2.769,1,0.07,89.57
184,2.779,1,0.07,89.65
185,2.781,1,0.07,89.72
186,2.787,1,0.07,89.79
187,2.787,1,0.07,89.86
188,2.79,1,0.07,89.94
189,2.793,1,0.07,90.01
190,2.804,1,0.07,90.08
191,2.804,1,0.07,90.15
192,2.804,1,0.07,90.22
193,2.822,1,0.07,90.29
194,2.826,1,0.07,90.35
195,2.826,1,0.07,90.42
196,2.835,1,0.07,90.49
197,2.837,1,0.07,90.55
198,2.844,1,0.07,90.62
199,2.854,1,0.06,90.68
200,2.856,1,0.06,90.75
201,2.862,1,0.06,90.81
202,2.877,1,0.06,90.87
203,2.889,1,0.06,90.93
204,2.894,1,0.06,90.99
205,2.897,1,0.06,91.05
206,2.902,1,0.06,91.11
207,2.907,1,0.06,91.17
208,2.911,1,0.06,91.23
209,2.929,1,0.06,91.29
210,2.93,1,0.06,91.34
211,2.932,1,0.06,91.4
212,2.943,1,0.06,91.46
213,2.952,1,0.05,91.51
214,2.955,1,0.05,91.57
215,2.962,1,0.05,91.62
216,2.963,1,0.05,91.67
217,2.965,1,0.05,91.73
218,2.966,1,0.05,91.78
219,2.971,1,0.05,91.83
220,2.973,1,0.05,91.89
221,2.976,1,0.05,91.94
222,2.977,1,0.05,91.99
223,2.983,1,0.05,92.04
224,2.984,1,0.05,92.09
225,2.987,1,0.05,92.15
226,2.994,1,0.05,92.2
227,2.995,1,0.05,92.25
228,2.997,1,0.05,92.3
229,3.01,1,0.05,92.35
230,3.013,1,0.05,92.4
231,3.013,1,0.05,92.45
232,3.019,1,0.05,92.49
233,3.028,1,0.05,92.54
234,3.028,1,0.05,92.59
235,3.029,1,0.05,92.64
236,3.03,1,0.05,92.69
237,3.032,1,0.05,92.73
238,3.034,1,0.05,92.78
239,3.036,1,0.05,92.83
240,3.044,1,0.05,92.88
241,3.046,1,0.05,92.92
242,3.047,1,0.05,92.97
243,3.058,1,0.05,93.01
244,3.06,1,0.05,93.06
245,3.066,1,0.05,93.11
246,3.072,1,0.04,93.15
247,3.073,1,0.04,93.19
248,3.076,1,0.04,93.24
249,3.078,1,0.04,93.28
250,3.089,1,0.04,93.33
251,3.094,1,0.04,93.37
252,3.094,1,0.04,93.41
253,3.096,1,0.04,93.45
254,3.1,1,0.04,93.5
255,3.113,1,0.04,93.54
256,3.117,1,0.04,93.58
257,3.13,1,0.04,93.62
258,3.134,1,0.04,93.66
259,3.136,1,0.04,93.7
260,3.139,1,0.04,93.74
261,3.139,1,0.04,93.78
262,3.14,1,0.04,93.82
263,3.141,1,0.04,93.86
264,3.15,1,0.04,93.9
265,3.153,1,0.04,93.94
266,3.158,1,0.04,93.98
267,3.171,1,0.04,94.01
268,3.18,1,0.04,94.05
269,3.181,1,0.04,94.09
270,3.182,1,0.04,94.13
271,3.184,1,0.04,94.16
272,3.188,1,0.04,94.2
273,3.189,1,0.04,94.24
274,3.19,1,0.04,94.27
275,3.195,1,0.04,94.31
276,3.201,1,0.04,94.34
277,3.212,1,0.04,94.38
278,3.212,1,0.04,94.42
279,3.223,1,0.03,94.45
280,3.23,1,0.03,94.48
281,3.231,1,0.03,94.52
282,3.232,1,0.03,94.55
283,3.234,1,0.03,94.59
284,3.239,1,0.03,94.62
285,3.251,1,0.03,94.65
286,3.251,1,0.03,94.69
287,3.257,1,0.03,94.72
288,3.26,1,0.03,94.75
289,3.265,1,0.03,94.78
290,3.268,1,0.03,94.82
291,3.268,1,0.03,94.85
292,3.275,1,0.03,94.88
293,3.277,1,0.03,94.91
294,3.281,1,0.03,94.94
295,3.284,1,0.03,94.97
296,3.293,1,0.03,95.0
297,3.294,1,0.03,95.03
298,3.3,1,0.03,95.06
299,3.301,1,0.03,95.1
300,3.301,1,0.03,95.13
301,3.305,1,0.03,95.16
302,3.311,1,0.03,95.19
303,3.313,1,0.03,95.22
304,3.313,1,0.03,95.24
305,3.317,1,0.03,95.27
306,3.319,1,0.03,95.3
307,3.333,1,0.03,95.33
308,3.334,1,0.03,95.36
309,3.336,1,0.03,95.39
310,3.345,1,0.03,95.42
311,3.354,1,0.03,95.45
312,3.363,1,0.03,95.47
313,3.366,1,0.03,95.5
314,3.372,1,0.03,95.53
315,3.375,1,0.03,95.55
316,3.378,1,0.03,95.58
317,3.378,1,0.03,95.61
318,3.38,1,0.03,95.63
319,3.383,1,0.03,95.66
320,3.383,1,0.03,95.69
321,3.391,1,0.03,95.71
322,3.393,1,0.03,95.74
323,3.397,1,0.03,95.76
324,3.431,1,0.02,95.79
325,3.432,1,0.02,95.81
326,3.433,1,0.02,95.84
327,3.437,1,0.02,95.86
328,3.437,1,0.02,95.88
329,3.445,1,0.02,95.91
330,3.447,1,0.02,95.93
331,3.454,1,0.02,95.96
332,3.456,1,0.02,95.98
333,3.459,1,0.02,96.0
334,3.459,1,0.02,96.03
335,3.46,1,0.02,96.05
336,3.468,1,0.02,96.07
337,3.47,1,0.02,96.09
338,3.483,1,0.02,96.12
339,3.485,1,0.02,96.14
340,3.499,1,0.02,96.16
341,3.5,1,0.02,96.18
342,3.507,1,0.02,96.2
343,3.51,1,0.02,96.22
344,3.513,1,0.02,96.25
345,3.52,1,0.02,96.27
346,3.525,1,0.02,96.29
347,3.526,1,0.02,96.31
348,3.527,1,0.02,96.33
349,3.527,1,0.02,96.35
350,3.528,1,0.02,96.37
351,3.53,1,0.02,96.39
352,3.53,1,0.02,96.41
353,3.53,1,0.02,96.43
354,3.534,1,0.02,96.45
355,3.534,1,0.02,96.47
356,3.539,1,0.02,96.49
357,3.548,1,0.02,96.51
358,3.549,1,0.02,96.53
359,3.563,1,0.02,96.55
360,3.566,1,0.02,96.57
361,3.569,1,0.02,96.59
362,3.572,1,0.02,96.61
363,3.58,1,0.02,96.63
364,3.581,1,0.02,96.65
365,3.585,1,0.02,96.67
366,3.59,1,0.02,96.69
367,3.591,1,0.02,96.7
368,3.592,1,0.02,96.72
369,3.597,1,0.02,96.74
370,3.598,1,0.02,96.76
371,3.6,1,0.02,96.78
372,3.601,1,0.02,96.8
373,3.604,1,0.02,96.81
374,3.606,1,0.02,96.83
375,3.606,1,0.02,96.85
376,3.611,1,0.02,96.87
377,3.613,1,0.02,96.89
378,3.617,1,0.02,96.9
379,3.62,1,0.02,96.92
380,3.623,1,0.02,96.94
381,3.625,1,0.02,96.96
382,3.632,1,0.02,96.97
383,3.637,1,0.02,96.99
384,3.643,1,0.02,97.01
385,3.644,1,0.02,97.03
386,3.645,1,0.02,97.04
387,3.649,1,0.02,97.06
388,3.66,1,0.02,97.08
389,3.661,1,0.02,97.09
390,3.663,1,0.02,97.11
391,3.666,1,0.02,97.13
392,3.668,1,0.02,97.14
393,3.673,1,0.02,97.16
394,3.68,1,0.02,97.17
395,3.683,1,0.02,97.19
396,3.686,1,0.02,97.21
397,3.691,1,0.02,97.22
398,3.692,1,0.02,97.24
399,3.696,1,0.02,97.25
400,3.696,1,0.02,97.27
401,3.696,1,0.02,97.28
402,3.699,1,0.02,97.3
403,3.707,1,0.02,97.31
404,3.714,1,0.02,97.33
405,3.722,1,0.01,97.34
406,3.723,1,0.01,97.36
407,3.724,1,0.01,97.37
408,3.728,1,0.01,97.39
409,3.735,1,0.01,97.4
410,3.738,1,0.01,97.42
411,3.739,1,0.01,97.43
412,3.741,1,0.01,97.45
413,3.747,1,0.01,97.46
414,3.75,1,0.01,97.48
415,3.753,1,0.01,97.49
416,3.755,1,0.01,97.5
417,3.757,1,0.01,97.52
418,3.759,1,0.01,97.53
419,3.759,1,0.01,97.55
420,3.764,1,0.01,97.56
421,3.767,1,0.01,97.57
422,3.771,1,0.01,97.59
423,3.773,1,0.01,97.6
424,3.774,1,0.01,97.61
425,3.775,1,0.01,97.63
426,3.776,1,0.01,97.64
427,3.776,1,0.01,97.66
428,3.779,1,0.01,97.67
429,3.78,1,0.01,97.68
430,3.783,1,0.01,97.7
431,3.791,1,0.01,97.71
432,3.792,1,0.01,97.72
433,3.794,1,0.01,97.74
434,3.796,1,0.01,97.75
435,3.797,1,0.01,97.76
436,3.799,1,0.01,97.78
437,3.799,1,0.01,97.79
438,3.803,1,0.01,97.8
439,3.804,1,0.01,97.81
440,3.804,1,0.01,97.83
441,3.805,1,0.01,97.84
442,3.806,1,0.01,97.85
443,3.806,1,0.01,97.87
444,3.809,1,0.01,97.88
445,3.811,1,0.01,97.89
446,3.817,1,0.01,97.9
447,3.818,1,0.01,97.92
448,3.819,1,0.01,97.93
449,3.821,1,0.01,97.94
450,3.825,1,0.01,97.95
451,3.83,1,0.01,97.97
452,3.833,1,0.01,97.98
453,3.839,1,0.01,97.99
454,3.841,1,0.01,98.0
455,3.843,1,0.01,98.02
456,3.848,1,0.01,98.03
457,3.848,1,0.01,98.04
458,3.85,1,0.01,98.05
459,3.857,1,0.01,98.06
460,3.867,1,0.01,98.08
461,3.869,1,0.01,98.09
462,3.875,1,0.01,98.1
463,3.886,1,0.01,98.11
464,3.888,1,0.01,98.12
465,3.89,1,0.01,98.13
466,3.892,1,0.01,98.14
467,3.893,1,0.01,98.15
468,3.896,1,0.01,98.17
469,3.899,1,0.01,98.18
470,3.905,1,0.01,98.19
471,3.907,1,0.01,98.2
472,3.91,1,0.01,98.21
473,3.911,1,0.01,98.22
474,3.921,1,0.01,98.23
475,3.921,1,0.01,98.24
476,3.929,1,0.01,98.25
477,3.929,1,0.01,98.26
478,3.935,1,0.01,98.27
479,3.946,1,0.01,98.28
480,3.962,1,0.01,98.29
481,3.967,1,0.01,98.3
482,3.968,1,0.01,98.31
483,3.968,1,0.01,98.32
484,3.972,1,0.01,98.33
485,3.972,1,0.01,98.34
486,3.979,1,0.01,98.35
487,3.985,1,0.01,98.36
488,3.986,1,0.01,98.37
489,3.989,1,0.01,98.38
490,3.99,1,0.01,98.39
491,3.993,1,0.01,98.4
492,4.004,1,0.01,98.41
493,4.004,1,0.01,98.42
494,4.021,1,0.01,98.43
495,4.037,1,0.01,98.44
496,4.037,1,0.01,98.44
497,4.037,1,0.01,98.45
498,4.047,1,0.01,98.46
499,4.051,1,0.01,98.47
500,4.051,1,0.01,98.48
501,4.054,1,0.01,98.49
502,4.056,1,0.01,98.5
503,4.063,1,0.01,98.5
504,4.075,1,0.01,98.51
505,4.075,1,0.01,98.52
506,4.08,1,0.01,98.53
507,4.082,1,0.01,98.54
508,4.083,1,0.01,98.54
509,4.084,1,0.01,98.55
510,4.093,1,0.01,98.56
511,4.096,1,0.01,98.57
512,4.104,1,0.01,98.58
513,4.108,1,0.01,98.58
514,4.108,1,0.01,98.59
515,4.109,1,0.01,98.6
516,4.116,1,0.01,98.61
517,4.118,1,0.01,98.62
518,4.119,1,0.01,98.62
519,4.119,1,0.01,98.63
520,4.122,1,0.01,98.64
521,4.123,1,0.01,98.65
522,4.13,1,0.01,98.65
523,4.138,1,0.01,98.66
524,4.142,1,0.01,98.67
525,4.143,1,0.01,98.68
526,4.145,1,0.01,98.68
527,4.148,1,0.01,98.69
528,4.149,1,0.01,98.7
529,4.149,1,0.01,98.7
530,4.149,1,0.01,98.71
531,4.151,1,0.01,98.72
532,4.151,1,0.01,98.73
533,4.154,1,0.01,98.73
534,4.156,1,0.01,98.74
535,4.156,1,0.01,98.75
536,4.162,1,0.01,98.75
537,4.166,1,0.01,98.76
538,4.167,1,0.01,98.77
539,4.174,1,0.01,98.78
540,4.176,1,0.01,98.78
541,4.18,1,0.01,98.79
542,4.184,1,0.01,98.8
543,4.196,1,0.01,98.8
544,4.197,1,0.01,98.81
545,4.199,1,0.01,98.82
546,4.2,1,0.01,98.82
547,4.202,1,0.01,98.83
548,4.202,1,0.01,98.84
549,4.209,1,0.01,98.84
550,4.21,1,0.01,98.85
551,4.212,1,0.01,98.86
552,4.221,1,0.01,98.86
553,4.227,1,0.01,98.87
554,4.23,1,0.01,98.87
555,4.23,1,0.01,98.88
556,4.231,1,0.01,98.89
557,4.237,1,0.01,98.89
558,4.237,1,0.01,98.9
559,4.242,1,0.01,98.91
560,4.25,1,0.01,98.91
561,4.255,1,0.01,98.92
562,4.261,1,0.01,98.92
563,4.264,1,0.01,98.93
564,4.266,1,0.01,98.94
565,4.267,1,0.01,98.94
566,4.268,1,0.01,98.95
567,4.272,1,0.01,98.95
568,4.273,1,0.01,98.96
569,4.28,1,0.01,98.97
570,4.281,1,0.01,98.97
571,4.298,1,0.01,98.98
572,4.299,1,0.01,98.98
573,4.299,1,0.01,98.99
574,4.308,1,0.01,98.99
575,4.309,1,0.01,99.0
576,4.31,1,0.01,99.0
577,4.314,1,0.01,99.01
578,4.314,1,0.01,99.02
579,4.316,1,0.01,99.02
580,4.322,1,0.01,99.03
581,4.323,1,0.01,99.03
582,4.324,1,0.01,99.04
583,4.324,1,0.01,99.04
584,4.33,1,0.01,99.05
585,4.33,1,0.01,99.05
586,4.331,1,0.01,99.06
587,4.335,1,0.01,99.06
588,4.335,1,0.01,99.07
589,4.336,1,0.01,99.07
590,4.337,1,0.01,99.08
591,4.338,1,0.01,99.09
592,4.338,1,0.01,99.09
593,4.346,1,0.01,99.1
594,4.347,1,0.01,99.1
595,4.349,1,0.01,99.11
596,4.353,1,0.01,99.11
597,4.354,1,0.01,99.12
598,4.354,1,0.01,99.12
599,4.356,1,0.01,99.13
600,4.359,1,0.01,99.13
601,4.369,1,0.01,99.14
602,4.371,1,0.0,99.14
603,4.371,1,0.0,99.15
604,4.378,1,0.0,99.15
605,4.381,1,0.0,99.16
606,4.384,1,0.0,99.16
607,4.388,1,0.0,99.17
608,4.395,1,0.0,99.17
609,4.399,1,0.0,99.18
610,4.4,1,0.0,99.18
611,4.408,1,0.0,99.19
612,4.41,1,0.0,99.19
613,4.411,1,0.0,99.19
614,4.412,1,0.0,99.2
615,4.413,1,0.0,99.2
616,4.422,1,0.0,99.21
617,4.423,1,0.0,99.21
618,4.425,1,0.0,99.22
619,4.429,1,0.0,99.22
620,4.429,1,0.0,99.23
621,4.433,1,0.0,99.23
622,4.435,1,0.0,99.24
623,4.437,1,0.0,99.24
624,4.439,1,0.0,99.24
625,4.446,1,0.0,99.25
626,4.449,1,0.0,99.25
627,4.452,1,0.0,99.26
628,4.468,1,0.0,99.26
629,4.468,1,0.0,99.27
630,4.471,1,0.0,99.27
631,4.472,1,0.0,99.27
632,4.476,1,0.0,99.28
633,4.477,1,0.0,99.28
634,4.477,1,0.0,99.29
635,4.479,1,0.0,99.29
636,4.479,1,0.0,99.3
637,4.481,1,0.0,99.3
638,4.488,1,0.0,99.3
639,4.488,1,0.0,99.31
640,4.496,1,0.0,99.31
641,4.502,1,0.0,99.32
642,4.512,1,0.0,99.32
643,4.512,1,0.0,99.32
644,4.527,1,0.0,99.33
645,4.529,1,0.0,99.33
646,4.531,1,0.0,99.33
647,4.541,1,0.0,99.34
648,4.541,1,0.0,99.34
649,4.542,1,0.0,99.35
650,4.543,1,0.0,99.35
651,4.551,1,0.0,99.35
652,4.558,1,0.0,99.36
653,4.558,1,0.0,99.36
654,4.561,1,0.0,99.36
655,4.562,1,0.0,99.37
656,4.565,1,0.0,99.37
657,4.566,1,0.0,99.38
658,4.568,1,0.0,99.38
659,4.569,1,0.0,99.38
660,4.573,1,0.0,99.39
661,4.575,1,0.0,99.39
662,4.575,1,0.0,99.39
663,4.576,1,0.0,99.4
664,4.577,1,0.0,99.4
665,4.581,1,0.0,99.4
666,4.582,1,0.0,99.41
667,4.586,1,0.0,99.41
668,4.587,1,0.0,99.41
669,4.596,1,0.0,99.42
670,4.603,1,0.0,99.42
671,4.606,1,0.0,99.42
672,4.607,1,0.0,99.43
673,4.609,1,0.0,99.43
674,4.609,1,0.0,99.43
675,4.612,1,0.0,99.44
676,4.613,1,0.0,99.44
677,4.615,1,0.0,99.44
678,4.623,1,0.0,99.45
679,4.626,1,0.0,99.45
680,4.626,1,0.0,99.45
681,4.626,1,0.0,99.46
682,4.626,1,0.0,99.46
683,4.637,1,0.0,99.46
684,4.639,1,0.0,99.47
685,4.639,1,0.0,99.47
686,4.641,1,0.0,99.47
687,4.65,1,0.0,99.48
688,4.655,1,0.0,99.48
689,4.658,1,0.0,99.48
690,4.669,1,0.0,99.48
691,4.676,1,0.0,99.49
692,4.679,1,0.0,99.49
693,4.679,1,0.0,99.49
694,4.686,1,0.0,99.5
695,4.689,1,0.0,99.5
696,4.691,1,0.0,99.5
697,4.699,1,0.0,99.51
698,4.702,1,0.0,99.51
699,4.706,1,0.0,99.51
700,4.716,1,0.0,99.51
701,4.716,1,0.0,99.52
702,4.717,1,0.0,99.52
703,4.724,1,0.0,99.52
704,4.724,1,0.0,99.52
705,4.725,1,0.0,99.53
706,4.725,1,0.0,99.53
707,4.726,1,0.0,99.53
708,4.727,1,0.0,99.54
709,4.73,1,0.0,99.54
710,4.74,1,0.0,99.54
711,4.743,1,0.0,99.54
712,4.749,1,0.0,99.55
713,4.752,1,0.0,99.55
714,4.754,1,0.0,99.55
715,4.754,1,0.0,99.55
716,4.763,1,0.0,99.56
717,4.765,1,0.0,99.56
718,4.766,1,0.0,99.56
719,4.77,1,0.0,99.56
720,4.775,1,0.0,99.57
721,4.787,1,0.0,99.57
722,4.789,1,0.0,99.57
723,4.791,1,0.0,99.57
724,4.793,1,0.0,99.58
725,4.795,1,0.0,99.58
726,4.802,1,0.0,99.58
727,4.809,1,0.0,99.58
728,4.815,1,0.0,99.59
729,4.815,1,0.0,99.59
730,4.816,1,0.0,99.59
731,4.816,1,0.0,99.59
732,4.818,1,0.0,99.6
733,4.819,1,0.0,99.6
734,4.82,1,0.0,99.6
735,4.82,1,0.0,99.6
736,4.821,1,0.0,99.61
737,4.822,1,0.0,99.61
738,4.822,1,0.0,99.61
739,4.822,1,0.0,99.61
740,4.84,1,0.0,99.61
741,4.841,1,0.0,99.62
742,4.843,1,0.0,99.62
743,4.849,1,0.0,99.62
744,4.853,1,0.0,99.62
745,4.859,1,0.0,99.63
746,4.86,1,0.0,99.63
747,4.863,1,0.0,99.63
748,4.865,1,0.0,99.63
749,4.865,1,0.0,99.63
750,4.865,1,0.0,99.64
751,4.867,1,0.0,99.64
752,4.869,1,0.0,99.64
753,4.872,1,0.0,99.64
754,4.872,1,0.0,99.65
755,4.874,1,0.0,99.65
756,4.874,1,0.0,99.65
757,4.877,1,0.0,99.65
758,4.878,1,0.0,99.65
759,4.883,1,0.0,99.66
760,4.888,1,0.0,99.66
761,4.891,1,0.0,99.66
762,4.891,1,0.0,99.66
763,4.902,1,0.0,99.66
764,4.903,1,0.0,99.67
765,4.91,1,0.0,99.67
766,4.915,1,0.0,99.67
767,4.919,1,0.0,99.67
768,4.919,1,0.0,99.67
769,4.921,1,0.0,99.68
770,4.923,1,0.0,99.68
771,4.931,1,0.0,99.68
772,4.938,1,0.0,99.68
773,4.94,1,0.0,99.68
774,4.948,1,0.0,99.69
775,4.952,1,0.0,99.69
776,4.96,1,0.0,99.69
777,4.96,1,0.0,99.69
778,4.963,1,0.0,99.69
779,4.963,1,0.0,99.69
780,4.965,1,0.0,99.7
781,4.97,1,0.0,99.7
782,4.97,1,0.0,99.7
783,4.97,1,0.0,99.7
784,4.974,1,0.0,99.7
785,4.975,1,0.0,99.71
786,4.976,1,0.0,99.71
787,4.977,1,0.0,99.71
788,4.979,1,0.0,99.71
789,4.979,1,0.0,99.71
790,4.981,1,0.0,99.71
791,4.984,1,0.0,99.72
792,4.987,1,0.0,99.72
793,4.989,1,0.0,99.72
794,4.99,1,0.0,99.72
795,4.991,1,0.0,99.72
796,4.995,1,0.0,99.72
797,4.995,1,0.0,99.73
798,4.998,1,0.0,99.73
799,5.004,1,0.0,99.73
800,5.007,1,0.0,99.73
801,5.008,1,0.0,99.73
802,5.009,1,0.0,99.74
803,5.009,1,0.0,99.74
804,5.02,1,0.0,99.74
805,5.022,1,0.0,99.74
806,5.026,1,0.0,99.74
807,5.037,1,0.0,99.74
808,5.039,1,0.0,99.75
809,5.039,1,0.0,99.75
810,5.04,1,0.0,99.75
811,5.043,1,0.0,99.75
812,5.044,1,0.0,99.75
813,5.046,1,0.0,99.75
814,5.053,1,0.0,99.75
815,5.071,1,0.0,99.76
816,5.071,1,0.0,99.76
817,5.071,1,0.0,99.76
818,5.079,1,0.0,99.76
819,5.079,1,0.0,99.76
820,5.082,1,0.0,99.76
821,5.089,1,0.0,99.77
822,5.093,1,0.0,99.77
823,5.095,1,0.0,99.77
824,5.099,1,0.0,99.77
825,5.1,1,0.0,99.77
826,5.1,1,0.0,99.77
827,5.102,1,0.0,99.77
828,5.107,1,0.0,99.78
829,5.12,1,0.0,99.78
830,5.129,1,0.0,99.78
831,5.135,1,0.0,99.78
832,5.137,1,0.0,99.78
833,5.137,1,0.0,99.78
834,5.141,1,0.0,99.78
835,5.142,1,0.0,99.79
836,5.142,1,0.0,99.79
837,5.143,1,0.0,99.79
838,5.145,1,0.0,99.79
839,5.146,1,0.0,99.79
840,5.148,1,0.0,99.79
841,5.148,1,0.0,99.79
842,5.148,1,0.0,99.79
843,5.149,1,0.0,99.8
844,5.151,1,0.0,99.8
845,5.16,1,0.0,99.8
846,5.16,1,0.0,99.8
847,5.168,1,0.0,99.8
848,5.171,1,0.0,99.8
849,5.179,1,0.0,99.8
850,5.181,1,0.0,99.8
851,5.181,1,0.0,99.81
852,5.182,1,0.0,99.81
853,5.187,1,0.0,99.81
854,5.187,1,0.0,99.81
855,5.197,1,0.0,99.81
856,5.204,1,0.0,99.81
857,5.221,1,0.0,99.81
858,5.221,1,0.0,99.81
859,5.222,1,0.0,99.82
860,5.222,1,0.0,99.82
861,5.225,1,0.0,99.82
862,5.228,1,0.0,99.82
863,5.236,1,0.0,99.82
864,5.238,1,0.0,99.82
865,5.241,1,0.0,99.82
866,5.241,1,0.0,99.82
867,5.241,1,0.0,99.83
868,5.243,1,0.0,99.83
869,5.243,1,0.0,99.83
870,5.244,1,0.0,99.83
871,5.244,1,0.0,99.83
872,5.245,1,0.0,99.83
873,5.245,1,0.0,99.83
874,5.251,1,0.0,99.83
875,5.255,1,0.0,99.83
876,5.262,1,0.0,99.84
877,5.267,1,0.0,99.84
878,5.278,1,0.0,99.84
879,5.281,1,0.0,99.84
880,5.282,1,0.0,99.84
881,5.285,1,0.0,99.84
882,5.286,1,0.0,99.84
883,5.288,1,0.0,99.84
884,5.292,1,0.0,99.84
885,5.294,1,0.0,99.85
886,5.301,1,0.0,99.85
887,5.302,1,0.0,99.85
888,5.303,1,0.0,99.85
889,5.306,1,0.0,99.85
890,5.307,1,0.0,99.85
891,5.309,1,0.0,99.85
892,5.312,1,0.0,99.85
893,5.316,1,0.0,99.85
894,5.323,1,0.0,99.85
895,5.324,1,0.0,99.86
896,5.327,1,0.0,99.86
897,5.327,1,0.0,99.86
898,5.329,1,0.0,99.86
899,5.331,1,0.0,99.86
900,5.332,1,0.0,99.86
901,5.334,1,0.0,99.86
902,5.334,1,0.0,99.86
903,5.334,1,0.0,99.86
904,5.337,1,0.0,99.86
905,5.34,1,0.0,99.87
906,5.342,1,0.0,99.87
907,5.356,1,0.0,99.87
908,5.372,1,0.0,99.87
909,5.377,1,0.0,99.87
910,5.378,1,0.0,99.87
911,5.381,1,0.0,99.87
912,5.385,1,0.0,99.87
913,5.389,1,0.0,99.87
914,5.391,1,0.0,99.87
915,5.393,1,0.0,99.87
916,5.394,1,0.0,99.88
917,5.395,1,0.0,99.88
918,5.402,1,0.0,99.88
919,5.407,1,0.0,99.88
920,5.407,1,0.0,99.88
921,5.409,1,0.0,99.88
922,5.42,1,0.0,99.88
923,5.425,1,0.0,99.88
924,5.427,1,0.0,99.88
925,5.435,1,0.0,99.88
926,5.439,1,0.0,99.88
927,5.443,1,0.0,99.88
928,5.445,1,0.0,99.89
929,5.447,1,0.0,99.89
930,5.449,1,0.0,99.89
931,5.449,1,0.0,99.89
932,5.451,1,0.0,99.89
933,5.456,1,0.0,99.89
934,5.456,1,0.0,99.89
935,5.457,1,0.0,99.89
936,5.458,1,0.0,99.89
937,5.461,1,0.0,99.89
938,5.467,1,0.0,99.89
939,5.471,1,0.0,99.89
940,5.474,1,0.0,99.89
941,5.474,1,0.0,99.9
942,5.478,1,0.0,99.9
943,5.48,1,0.0,99.9
944,5.483,1,0.0,99.9
945,5.483,1,0.0,99.9
946,5.487,1,0.0,99.9
947,5.488,1,0.0,99.9
948,5.49,1,0.0,99.9
949,5.494,1,0.0,99.9
950,5.494,1,0.0,99.9
951,5.495,1,0.0,99.9
952,5.495,1,0.0,99.9
953,5.499,1,0.0,99.9
954,5.5,1,0.0,99.91
955,5.5,1,0.0,99.91
956,5.5,1,0.0,99.91
957,5.501,1,0.0,99.91
958,5.502,1,0.0,99.91
959,5.503,1,0.0,99.91
960,5.505,1,0.0,99.91
961,5.507,1,0.0,99.91
962,5.507,1,0.0,99.91
963,5.509,1,0.0,99.91
964,5.511,1,0.0,99.91
965,5.512,1,0.0,99.91
966,5.52,1,0.0,99.91
967,5.529,1,0.0,99.91
968,5.53,1,0.0,99.92
969,5.531,1,0.0,99.92
970,5.535,1,0.0,99.92
971,5.537,1,0.0,99.92
972,5.537,1,0.0,99.92
973,5.538,1,0.0,99.92
974,5.541,1,0.0,99.92
975,5.545,1,0.0,99.92
976,5.55,1,0.0,99.92
977,5.554,1,0.0,99.92
978,5.556,1,0.0,99.92
979,5.558,1,0.0,99.92
980,5.559,1,0.0,99.92
981,5.56,1,0.0,99.92
982,5.566,1,0.0,99.93
983,5.572,1,0.0,99.93
984,5.576,1,0.0,99.93
985,5.577,1,0.0,99.93
986,5.578,1,0.0,99.93
987,5.582,1,0.0,99.93
988,5.589,1,0.0,99.93
989,5.59,1,0.0,99.93
990,5.593,1,0.0,99.93
991,5.596,1,0.0,99.93
992,5.6,1,0.0,99.93
993,5.603,1,0.0,99.93
994,5.609,1,0.0,99.93
995,5.61,1,0.0,99.93
996,5.613,1,0.0,99.93
997,5.615,1,0.0,99.93
998,5.618,1,0.0,99.94
999,5.619,1,0.0,99.94
1000,5.624,1,0.0,99.94
1001,5.626,1,0.0,99.94
1002,5.634,1,0.0,99.94
1003,5.635,1,0.0,99.94
1004,5.636,1,0.0,99.94
1005,5.639,1,0.0,99.94
1006,5.64,1,0.0,99.94
1007,5.647,1,0.0,99.94
1008,5.651,1,0.0,99.94
1009,5.656,1,0.0,99.94
1010,5.66,1,0.0,99.94
1011,5.66,1,0.0,99.94
1012,5.667,1,0.0,99.94
1013,5.669,1,0.0,99.94
1014,5.669,1,0.0,99.94
1015,5.674,1,0.0,99.95
1016,5.676,1,0.0,99.95
1017,5.677,1,0.0,99.95
1018,5.681,1,0.0,99.95
1019,5.688,1,0.0,99.95
1020,5.689,1,0.0,99.95
1021,5.693,1,0.0,99.95
1022,5.695,1,0.0,99.95
1023,5.695,1,0.0,99.95
1024,5.7,1,0.0,99.95
1025,5.701,1,0.0,99.95
1026,5.701,1,0.0,99.95
1027,5.706,1,0.0,99.95
1028,5.708,1,0.0,99.95
1029,5.709,1,0.0,99.95
1030,5.709,1,0.0,99.95
1031,5.715,1,0.0,99.95
1032,5.718,1,0.0,99.95
1033,5.722,1,0.0,99.95
1034,5.723,1,0.0,99.96
1035,5.724,1,0.0,99.96
1036,5.725,1,0.0,99.96
1037,5.729,1,0.0,99.96
1038,5.735,1,0.0,99.96
1039,5.735,1,0.0,99.96
1040,5.738,1,0.0,99.96
1041,5.738,1,0.0,99.96
1042,5.738,1,0.0,99.96
1043,5.742,1,0.0,99.96
1044,5.742,1,0.0,99.96
1045,5.746,1,0.0,99.96
1046,5.746,1,0.0,99.96
1047,5.748,1,0.0,99.96
1048,5.751,1,0.0,99.96
1049,5.752,1,0.0,99.96
1050,5.753,1,0.0,99.96
1051,5.756,1,0.0,99.96
1052,5.76,1,0.0,99.96
1053,5.764,1,0.0,99.96
1054,5.772,1,0.0,99.97
1055,5.779,1,0.0,99.97
1056,5.781,1,0.0,99.97
1057,5.786,1,0.0,99.97
1058,5.786,1,0.0,99.97
1059,5.788,1,0.0,99.97
1060,5.793,1,0.0,99.97
1061,5.798,1,0.0,99.97
1062,5.799,1,0.0,99.97
1063,5.803,1,0.0,99.97
1064,5.805,1,0.0,99.97
1065,5.811,1,0.0,99.97
1066,5.815,1,0.0,99.97
1067,5.819,1,0.0,99.97
1068,5.819,1,0.0,99.97
1069,5.828,1,0.0,99.97
1070,5.832,1,0.0,99.97
1071,5.839,1,0.0,99.97
1072,5.839,1,0.0,99.97
1073,5.845,1,0.0,99.97
1074,5.847,1,0.0,99.97
1075,5.852,1,0.0,99.97
1076,5.853,1,0.0,99.97
1077,5.854,1,0.0,99.98
1078,5.854,1,0.0,99.98
1079,5.856,1,0.0,99.98
1080,5.857,1,0.0,99.98
1081,5.858,1,0.0,99.98
1082,5.859,1,0.0,99.98
1083,5.86,1,0.0,99.98
1084,5.865,1,0.0,99.98
1085,5.867,1,0.0,99.98
1086,5.868,1,0.0,99.98
1087,5.869,1,0.0,99.98
1088,5.869,1,0.0,99.98
1089,5.873,1,0.0,99.98
1090,5.875,1,0.0,99.98
1091,5.878,1,0.0,99.98
1092,5.878,1,0.0,99.98
1093,5.88,1,0.0,99.98
1094,5.882,1,0.0,99.98
1095,5.885,1,0.0,99.98
1096,5.886,1,0.0,99.98
1097,5.888,1,0.0,99.98
1098,5.894,1,0.0,99.98
1099,5.894,1,0.0,99.98
1100,5.895,1,0.0,99.98
1101,5.897,1,0.0,99.98
1102,5.898,1,0.0,99.98
1103,5.9,1,0.0,99.99
1104,5.901,1,0.0,99.99
1105,5.907,1,0.0,99.99
1106,5.909,1,0.0,99.99
1107,5.912,1,0.0,99.99
1108,5.918,1,0.0,99.99
1109,5.919,1,0.0,99.99
1110,5.925,1,0.0,99.99
1111,5.925,1,0.0,99.99
1112,5.927,1,0.0,99.99
1113,5.931,1,0.0,99.99
1114,5.934,1,0.0,99.99
1115,5.934,1,0.0,99.99
1116,5.934,1,0.0,99.99
1117,5.936,1,0.0,99.99
1118,5.943,1,0.0,99.99
1119,5.946,1,0.0,99.99
1120,5.947,1,0.0,99.99
1121,5.948,1,0.0,99.99
1122,5.949,1,0.0,99.99
1123,5.954,1,0.0,99.99
1124,5.963,1,0.0,99.99
1125,5.963,1,0.0,99.99
1126,5.967,1,0.0,99.99
1127,5.967,1,0.0,99.99
1128,5.971,1,0.0,99.99
1129,5.972,1,0.0,99.99
1130,5.974,1,0.0,99.99
1131,5.975,1,0.0,100.0
1132,5.975,1,0.0,100.0
1133,5.977,1,0.0,100.0
1134,5.977,1,0.0,100.0
1135,5.978,1,0.0,100.0
1136,5.979,1,0.0,100.0
1137,5.979,1,0.0,100.0
1138,5.981,1,0.0,100.0
1139,5.982,1,0.0,100.0
1140,5.986,1,0.0,100.0
1141,5.986,1,0.0,100.0
1142,5.991,1,0.0,100.0
1143,5.993,1,0.0,100.0
1144,5.995,1,0.0,100.0
1145,5.996,1,0.0,100.0
1146,5.997,1,0.0,100.0
