index,occupation,type,energy_Eh,energy_eV,alpha_energy_eV,beta_energy_eV
0,2,DOMO,-14.599558,-397.274,,
1,2,DOMO,-10.404156,-283.111,,
2,2,DOMO,-10.404155,-283.111,,
3,2,DOMO,-10.404141,-283.111,,
4,2,DOMO,-10.404122,-283.111,,
5,2,DOMO,-10.404094,-283.11,,
6,2,DOMO,-10.404054,-283.109,,
7,2,DOMO,-10.404045,-283.108,,
8,2,DOMO,-10.40404,-283.108,,
9,2,DOMO,-10.404023,-283.108,,
10,2,DOMO,-10.403982,-283.107,,
11,2,DOMO,-10.403979,-283.107,,
12,2,DOMO,-10.403972,-283.106,,
13,2,DOMO,-10.403972,-283.106,,
14,2,DOMO,-10.403926,-283.105,,
15,2,DOMO,-10.403923,-283.105,,
16,2,DOMO,-10.403916,-283.105,,
17,2,DOMO,-10.403908,-283.105,,
18,2,DOMO,-10.403884,-283.104,,
19,2,DOMO,-10.403862,-283.103,,
20,2,DOMO,-10.403845,-283.103,,
21,2,DOMO,-10.403843,-283.103,,
22,2,DOMO,-10.403839,-283.103,,
23,2,DOMO,-10.403829,-283.103,,
24,2,DOMO,-10.403822,-283.102,,
25,2,DOMO,-10.403821,-283.102,,
26,2,DOMO,-10.403808,-283.102,,
27,2,DOMO,-10.4038,-283.102,,
28,2,DOMO,-10.403796,-283.102,,
29,2,DOMO,-10.403795,-283.102,,
30,2,DOMO,-10.403785,-283.101,,
31,2,DOMO,-10.403505,-283.094,,
32,2,DOMO,-10.403498,-283.094,,
33,2,DOMO,-10.403489,-283.093,,
34,2,DOMO,-10.403471,-283.093,,
35,2,DOMO,-10.403468,-283.093,,
36,2,DOMO,-10.403456,-283.092,,
37,2,DOMO,-10.403389,-283.091,,
38,2,DOMO,-10.403388,-283.091,,
39,2,DOMO,-10.403383,-283.09,,
40,2,DOMO,-10.403358,-283.09,,
41,2,DOMO,-10.403356,-283.09,,
42,2,DOMO,-10.403349,-283.09,,
43,2,DOMO,-10.403341,-283.089,,
44,2,DOMO,-10.403331,-283.089,,
45,2,DOMO,-10.403312,-283.089,,
46,2,DOMO,-10.403295,-283.088,,
47,2,DOMO,-10.403285,-283.088,,
48,2,DOMO,-10.403274,-283.087,,
49,2,DOMO,-10.403267,-283.087,,
50,2,DOMO,-10.40323,-283.086,,
51,2,DOMO,-10.403208,-283.086,,
52,2,DOMO,-10.403205,-283.086,,
53,2,DOMO,-10.403195,-283.085,,
54,2,DOMO,-10.403112,-283.083,,
55,2,DOMO,-10.403104,-283.083,,
56,2,DOMO,-10.403094,-283.083,,
57,2,DOMO,-10.403082,-283.082,,
58,2,DOMO,-10.403077,-283.082,,
59,2,DOMO,-10.403072,-283.082,,
60,2,DOMO,-10.40307,-283.082,,
61,2,DOMO,-1.112995,-30.286,,
62,2,DOMO,-1.092632,-29.732,,
63,2,DOMO,-1.092607,-29.731,,
64,2,DOMO,-1.092599,-29.731,,
65,2,DOMO,-1.053653,-28.671,,
66,2,DOMO,-1.053622,-28.671,,
67,2,DOMO,-1.053611,-28.67,,
68,2,DOMO,-1.053605,-28.67,,
69,2,DOMO,-1.053589,-28.67,,
70,2,DOMO,-1.012529,-27.552,,
71,2,DOMO,-1.012503,-27.552,,
72,2,DOMO,-1.012482,-27.551,,
73,2,DOMO,-0.979197,-26.645,,
74,2,DOMO,-0.979194,-26.645,,
75,2,DOMO,-0.979191,-26.645,,
76,2,DOMO,-0.979171,-26.645,,
77,2,DOMO,-0.926586,-25.214,,
78,2,DOMO,-0.926575,-25.213,,
79,2,DOMO,-0.926573,-25.213,,
80,2,DOMO,-0.926558,-25.213,,
81,2,DOMO,-0.926557,-25.213,,
82,2,DOMO,-0.908635,-24.725,,
83,2,DOMO,-0.908624,-24.725,,
84,2,DOMO,-0.908618,-24.725,,
85,2,DOMO,-0.908598,-24.724,,
86,2,DOMO,-0.848119,-23.078,,
87,2,DOMO,-0.848104,-23.078,,
88,2,DOMO,-0.848098,-23.078,,
89,2,DOMO,-0.848096,-23.078,,
90,2,DOMO,-0.848092,-23.078,,
91,2,DOMO,-0.835776,-22.743,,
92,2,DOMO,-0.835765,-22.742,,
93,2,DOMO,-0.835764,-22.742,,
94,2,DOMO,-0.792098,-21.554,,
95,2,DOMO,-0.792097,-21.554,,
96,2,DOMO,-0.792097,-21.554,,
97,2,DOMO,-0.76876,-20.919,,
98,2,DOMO,-0.750318,-20.417,,
99,2,DOMO,-0.750315,-20.417,,
100,2,DOMO,-0.750304,-20.417,,
101,2,DOMO,-0.750302,-20.417,,
102,2,DOMO,-0.750285,-20.416,,
103,2,DOMO,-0.746276,-20.307,,
104,2,DOMO,-0.746271,-20.307,,
105,2,DOMO,-0.746253,-20.307,,
106,2,DOMO,-0.725136,-19.732,,
107,2,DOMO,-0.679167,-18.481,,
108,2,DOMO,-0.67916,-18.481,,
109,2,DOMO,-0.679151,-18.481,,
110,2,DOMO,-0.679149,-18.481,,
111,2,DOMO,-0.649654,-17.678,,
112,2,DOMO,-0.649647,-17.678,,
113,2,DOMO,-0.649643,-17.678,,
114,2,DOMO,-0.649638,-17.678,,
115,2,DOMO,-0.649628,-17.677,,
116,2,DOMO,-0.634667,-17.27,,
117,2,DOMO,-0.634666,-17.27,,
118,2,DOMO,-0.634664,-17.27,,
119,2,DOMO,-0.61096,-16.625,,
120,2,DOMO,-0.607579,-16.533,,
121,2,DOMO,-0.607575,-16.533,,
122,2,DOMO,-0.607574,-16.533,,
123,2,DOMO,-0.590518,-16.069,,
124,2,DOMO,-0.590501,-16.068,,
125,2,DOMO,-0.590492,-16.068,,
126,2,DOMO,-0.580022,-15.783,,
127,2,DOMO,-0.580003,-15.783,,
128,2,DOMO,-0.579985,-15.782,,
129,2,DOMO,-0.579984,-15.782,,
130,2,DOMO,-0.558087,-15.186,,
131,2,DOMO,-0.558083,-15.186,,
132,2,DOMO,-0.558082,-15.186,,
133,2,DOMO,-0.55808,-15.186,,
134,2,DOMO,-0.558073,-15.186,,
135,2,DOMO,-0.542816,-14.771,,
136,2,DOMO,-0.542809,-14.771,,
137,2,DOMO,-0.542802,-14.77,,
138,2,DOMO,-0.542783,-14.77,,
139,2,DOMO,-0.538488,-14.653,,
140,2,DOMO,-0.538471,-14.653,,
141,2,DOMO,-0.53846,-14.652,,
142,2,DOMO,-0.538458,-14.652,,
143,2,DOMO,-0.538447,-14.652,,
144,2,DOMO,-0.531217,-14.455,,
145,2,DOMO,-0.531204,-14.455,,
146,2,DOMO,-0.531187,-14.454,,
147,2,DOMO,-0.5106,-13.894,,
148,2,DOMO,-0.510591,-13.894,,
149,2,DOMO,-0.510591,-13.894,,
150,2,DOMO,-0.510567,-13.893,,
151,2,DOMO,-0.471959,-12.843,,
152,2,DOMO,-0.471934,-12.842,,
153,2,DOMO,-0.471927,-12.842,,
154,2,DOMO,-0.464811,-12.648,,
155,2,DOMO,-0.464803,-12.648,,
156,2,DOMO,-0.464793,-12.648,,
157,2,DOMO,-0.464792,-12.648,,
158,2,DOMO,-0.46479,-12.648,,
159,2,DOMO,-0.452651,-12.317,,
160,2,DOMO,-0.452643,-12.317,,
161,2,DOMO,-0.452635,-12.317,,
162,2,DOMO,-0.452628,-12.317,,
163,2,DOMO,-0.452137,-12.303,,
164,2,DOMO,-0.452127,-12.303,,
165,2,DOMO,-0.452122,-12.303,,
166,2,DOMO,-0.452116,-12.303,,
167,2,DOMO,-0.452102,-12.302,,
168,2,DOMO,-0.369345,-10.05,,
169,2,DOMO,-0.369333,-10.05,,
170,2,DOMO,-0.369325,-10.05,,
171,2,DOMO,-0.369313,-10.05,,
172,2,DOMO,-0.362626,-9.868,,
173,2,DOMO,-0.362625,-9.868,,
174,2,DOMO,-0.362612,-9.867,,
175,2,DOMO,-0.36261,-9.867,,
176,2,DOMO,-0.362593,-9.867,,
177,2,DOMO,-0.30482,-8.295,,
178,2,DOMO,-0.304801,-8.294,,
179,2,DOMO,-0.304797,-8.294,,
180,2,DOMO,-0.304795,-8.294,,
181,2,DOMO,-0.304794,-8.294,,
182,1,SOMO,-0.251248,-6.837,-13.339,-0.335
183,1,SOMO,-0.251245,-6.837,-13.339,-0.335
184,1,SOMO,-0.251244,-6.837,-13.339,-0.335
185,0,VMO,-0.074044,-2.015,,
186,0,VMO,-0.074034,-2.015,,
187,0,VMO,-0.074032,-2.015,,
188,0,VMO,-0.018731,-0.51,,
189,0,VMO,-0.01872,-0.509,,
190,0,VMO,-0.018709,-0.509,,
191,0,VMO,0.024218,0.659,,
192,0,VMO,0.024226,0.659,,
193,0,VMO,0.024228,0.659,,
194,0,VMO,0.02953,0.804,,
195,0,VMO,0.029531,0.804,,
196,0,VMO,0.029538,0.804,,
197,0,VMO,0.029543,0.804,,
198,0,VMO,0.029551,0.804,,
199,0,VMO,0.106928,2.91,,
200,0,VMO,0.106946,2.91,,
201,0,VMO,0.106948,2.91,,
202,0,VMO,0.106962,2.911,,
203,0,VMO,0.106964,2.911,,
204,0,VMO,0.126136,3.432,,
205,0,VMO,0.126146,3.433,,
206,0,VMO,0.126149,3.433,,
207,0,VMO,0.126153,3.433,,
208,0,VMO,0.128272,3.49,,
209,0,VMO,0.158021,4.3,,
210,0,VMO,0.158022,4.3,,
211,0,VMO,0.158032,4.3,,
212,0,VMO,0.158037,4.3,,
213,0,VMO,0.159138,4.33,,
214,0,VMO,0.15915,4.331,,
215,0,VMO,0.159154,4.331,,
216,0,VMO,0.183102,4.982,,
217,0,VMO,0.18311,4.983,,
218,0,VMO,0.183113,4.983,,
219,0,VMO,0.191169,5.202,,
220,0,VMO,0.191175,5.202,,
221,0,VMO,0.191186,5.202,,
222,0,VMO,0.191198,5.203,,
223,0,VMO,0.1912,5.203,,
224,0,VMO,0.198554,5.403,,
225,0,VMO,0.198555,5.403,,
226,0,VMO,0.198567,5.403,,
227,0,VMO,0.216693,5.897,,
228,0,VMO,0.21672,5.897,,
229,0,VMO,0.216721,5.897,,
230,0,VMO,0.216736,5.898,,
231,0,VMO,0.216736,5.898,,
232,0,VMO,0.219076,5.961,,
233,0,VMO,0.219094,5.962,,
234,0,VMO,0.21911,5.962,,
235,0,VMO,0.220155,5.991,,
236,0,VMO,0.220307,5.995,,
237,0,VMO,0.22036,5.996,,
238,0,VMO,0.220445,5.999,,
239,0,VMO,0.23187,6.309,,
240,0,VMO,0.231888,6.31,,
241,0,VMO,0.231893,6.31,,
242,0,VMO,0.234027,6.368,,
243,0,VMO,0.23405,6.369,,
244,0,VMO,0.234087,6.37,,
245,0,VMO,0.234114,6.371,,
246,0,VMO,0.240826,6.553,,
247,0,VMO,0.265859,7.234,,
248,0,VMO,0.26596,7.237,,
249,0,VMO,0.265992,7.238,,
250,0,VMO,0.26604,7.239,,
251,0,VMO,0.266163,7.243,,
252,0,VMO,0.266167,7.243,,
253,0,VMO,0.266174,7.243,,
254,0,VMO,0.268346,7.302,,
255,0,VMO,0.268356,7.302,,
256,0,VMO,0.268381,7.303,,
257,0,VMO,0.268388,7.303,,
258,0,VMO,0.268409,7.304,,
259,0,VMO,0.284332,7.737,,
260,0,VMO,0.284387,7.739,,
261,0,VMO,0.284394,7.739,,
262,0,VMO,0.284418,7.739,,
263,0,VMO,0.288417,7.848,,
264,0,VMO,0.288438,7.849,,
265,0,VMO,0.288559,7.852,,
266,0,VMO,0.288571,7.852,,
267,0,VMO,0.288614,7.854,,
268,0,VMO,0.293204,7.978,,
269,0,VMO,0.293211,7.979,,
270,0,VMO,0.293212,7.979,,
271,0,VMO,0.293238,7.979,,
272,0,VMO,0.293247,7.98,,
273,0,VMO,0.29337,7.983,,
274,0,VMO,0.293376,7.983,,
275,0,VMO,0.293384,7.983,,
276,0,VMO,0.297474,8.095,,
277,0,VMO,0.311309,8.471,,
278,0,VMO,0.311312,8.471,,
279,0,VMO,0.31132,8.471,,
280,0,VMO,0.311597,8.479,,
281,0,VMO,0.31161,8.479,,
282,0,VMO,0.311612,8.479,,
283,0,VMO,0.347262,9.449,,
284,0,VMO,0.347275,9.45,,
285,0,VMO,0.347285,9.45,,
286,0,VMO,0.363105,9.881,,
287,0,VMO,0.363115,9.881,,
288,0,VMO,0.363119,9.881,,
289,0,VMO,0.365052,9.934,,
290,0,VMO,0.365057,9.934,,
291,0,VMO,0.365153,9.936,,
292,0,VMO,0.365154,9.936,,
293,0,VMO,0.365169,9.937,,
294,0,VMO,0.367061,9.988,,
295,0,VMO,0.367209,9.992,,
296,0,VMO,0.367382,9.997,,
297,0,VMO,0.367472,9.999,,
298,0,VMO,0.367481,10.0,,
299,0,VMO,0.382849,10.418,,
300,0,VMO,0.382881,10.419,,
301,0,VMO,0.382883,10.419,,
302,0,VMO,0.38291,10.42,,
303,0,VMO,0.382931,10.42,,
304,0,VMO,0.388646,10.576,,
305,0,VMO,0.388888,10.582,,
306,0,VMO,0.38918,10.59,,
307,0,VMO,0.389285,10.593,,
308,0,VMO,0.389364,10.595,,
309,0,VMO,0.393002,10.694,,
310,0,VMO,0.394004,10.721,,
311,0,VMO,0.394707,10.741,,
312,0,VMO,0.394821,10.744,,
313,0,VMO,0.396092,10.778,,
314,0,VMO,0.396686,10.794,,
315,0,VMO,0.397461,10.815,,
316,0,VMO,0.404796,11.015,,
317,0,VMO,0.4048,11.015,,
318,0,VMO,0.404803,11.015,,
319,0,VMO,0.423061,11.512,,
320,0,VMO,0.423136,11.514,,
321,0,VMO,0.423159,11.515,,
322,0,VMO,0.423201,11.516,,
323,0,VMO,0.451176,12.277,,
324,0,VMO,0.451181,12.277,,
325,0,VMO,0.451182,12.277,,
326,0,VMO,0.462534,12.586,,
327,0,VMO,0.46254,12.586,,
328,0,VMO,0.462547,12.587,,
329,0,VMO,0.462548,12.587,,
330,0,VMO,0.462551,12.587,,
331,0,VMO,0.472445,12.856,,
332,0,VMO,0.472449,12.856,,
333,0,VMO,0.472461,12.856,,
334,0,VMO,0.472474,12.857,,
335,0,VMO,0.475536,12.94,,
336,0,VMO,0.475799,12.947,,
337,0,VMO,0.47581,12.947,,
338,0,VMO,0.475812,12.947,,
339,0,VMO,0.475819,12.948,,
340,0,VMO,0.475821,12.948,,
341,0,VMO,0.476154,12.957,,
342,0,VMO,0.476439,12.965,,
343,0,VMO,0.477579,12.996,,
344,0,VMO,0.477582,12.996,,
345,0,VMO,0.477582,12.996,,
346,0,VMO,0.487208,13.258,,
347,0,VMO,0.487219,13.258,,
348,0,VMO,0.487236,13.258,,
349,0,VMO,0.487252,13.259,,
350,0,VMO,0.487261,13.259,,
351,0,VMO,0.51988,14.147,,
352,0,VMO,0.520143,14.154,,
353,0,VMO,0.520218,14.156,,
354,0,VMO,0.520372,14.16,,
355,0,VMO,0.53331,14.512,,
356,0,VMO,0.533312,14.512,,
357,0,VMO,0.533331,14.513,,
358,0,VMO,0.534399,14.542,,
359,0,VMO,0.534423,14.542,,
360,0,VMO,0.534434,14.543,,
361,0,VMO,0.53451,14.545,,
362,0,VMO,0.538444,14.652,,
363,0,VMO,0.538481,14.653,,
364,0,VMO,0.5385,14.653,,
365,0,VMO,0.540809,14.716,,
366,0,VMO,0.540814,14.716,,
367,0,VMO,0.540818,14.716,,
368,0,VMO,0.54082,14.716,,
369,0,VMO,0.540821,14.716,,
370,0,VMO,0.564328,15.356,,
371,0,VMO,0.564385,15.358,,
372,0,VMO,0.564405,15.358,,
373,0,VMO,0.564436,15.359,,
374,0,VMO,0.56577,15.395,,
375,0,VMO,0.565775,15.396,,
376,0,VMO,0.565778,15.396,,
377,0,VMO,0.566037,15.403,,
378,0,VMO,0.566052,15.403,,
379,0,VMO,0.566066,15.403,,
380,0,VMO,0.566068,15.403,,
381,0,VMO,0.56613,15.405,,
382,0,VMO,0.574163,15.624,,
383,0,VMO,0.57427,15.627,,
384,0,VMO,0.574305,15.628,,
385,0,VMO,0.576127,15.677,,
386,0,VMO,0.576134,15.677,,
387,0,VMO,0.576136,15.677,,
388,0,VMO,0.576143,15.678,,
389,0,VMO,0.585468,15.931,,
390,0,VMO,0.592256,16.116,,
391,0,VMO,0.592454,16.121,,
392,0,VMO,0.592549,16.124,,
393,0,VMO,0.592596,16.125,,
394,0,VMO,0.593083,16.139,,
395,0,VMO,0.593275,16.144,,
396,0,VMO,0.593374,16.147,,
397,0,VMO,0.597176,16.25,,
398,0,VMO,0.59725,16.252,,
399,0,VMO,0.597287,16.253,,
400,0,VMO,0.597313,16.254,,
401,0,VMO,0.624575,16.996,,
402,0,VMO,0.624593,16.996,,
403,0,VMO,0.624612,16.997,,
404,0,VMO,0.624638,16.997,,
405,0,VMO,0.624649,16.998,,
406,0,VMO,0.634032,17.253,,
407,0,VMO,0.634235,17.258,,
408,0,VMO,0.634298,17.26,,
409,0,VMO,0.634328,17.261,,
410,0,VMO,0.639143,17.392,,
411,0,VMO,0.639155,17.392,,
412,0,VMO,0.639249,17.395,,
413,0,VMO,0.639313,17.397,,
414,0,VMO,0.639328,17.397,,
415,0,VMO,0.643315,17.505,,
416,0,VMO,0.643336,17.506,,
417,0,VMO,0.643349,17.506,,
418,0,VMO,0.643361,17.507,,
419,0,VMO,0.643366,17.507,,
420,0,VMO,0.653689,17.788,,
421,0,VMO,0.653718,17.789,,
422,0,VMO,0.653753,17.79,,
423,0,VMO,0.657758,17.898,,
424,0,VMO,0.657775,17.899,,
425,0,VMO,0.657806,17.9,,
426,0,VMO,0.662664,18.032,,
427,0,VMO,0.662669,18.032,,
428,0,VMO,0.662691,18.033,,
429,0,VMO,0.662711,18.033,,
430,0,VMO,0.662733,18.034,,
431,0,VMO,0.664983,18.095,,
432,0,VMO,0.665029,18.096,,
433,0,VMO,0.665032,18.096,,
434,0,VMO,0.665048,18.097,,
435,0,VMO,0.66549,18.109,,
436,0,VMO,0.665504,18.109,,
437,0,VMO,0.665505,18.109,,
438,0,VMO,0.674385,18.351,,
439,0,VMO,0.674456,18.353,,
440,0,VMO,0.674544,18.355,,
441,0,VMO,0.674567,18.356,,
442,0,VMO,0.67471,18.36,,
443,0,VMO,0.675136,18.371,,
444,0,VMO,0.675143,18.372,,
445,0,VMO,0.675153,18.372,,
446,0,VMO,0.714725,19.449,,
447,0,VMO,0.715058,19.458,,
448,0,VMO,0.715189,19.461,,
449,0,VMO,0.716603,19.5,,
450,0,VMO,0.716829,19.506,,
451,0,VMO,0.716915,19.508,,
452,0,VMO,0.723152,19.678,,
453,0,VMO,0.723466,19.687,,
454,0,VMO,0.723613,19.691,,
455,0,VMO,0.723646,19.691,,
456,0,VMO,0.723702,19.693,,
457,0,VMO,0.723811,19.696,,
458,0,VMO,0.723949,19.7,,
459,0,VMO,0.724034,19.702,,
460,0,VMO,0.724069,19.703,,
461,0,VMO,0.730931,19.89,,
462,0,VMO,0.731198,19.897,,
463,0,VMO,0.731213,19.897,,
464,0,VMO,0.731319,19.9,,
465,0,VMO,0.731327,19.9,,
466,0,VMO,0.731668,19.91,,
467,0,VMO,0.751144,20.44,,
468,0,VMO,0.751154,20.44,,
469,0,VMO,0.751165,20.44,,
470,0,VMO,0.75287,20.487,,
471,0,VMO,0.753855,20.513,,
472,0,VMO,0.75428,20.525,,
473,0,VMO,0.754761,20.538,,
474,0,VMO,0.765015,20.817,,
475,0,VMO,0.76534,20.826,,
476,0,VMO,0.765973,20.843,,
477,0,VMO,0.766079,20.846,,
478,0,VMO,0.766497,20.857,,
479,0,VMO,0.766589,20.86,,
480,0,VMO,0.767007,20.871,,
481,0,VMO,0.767171,20.876,,
482,0,VMO,0.767469,20.884,,
483,0,VMO,0.767658,20.889,,
484,0,VMO,0.771373,20.99,,
485,0,VMO,0.771533,20.994,,
486,0,VMO,0.771599,20.996,,
487,0,VMO,0.771718,21.0,,
488,0,VMO,0.785908,21.386,,
489,0,VMO,0.785971,21.387,,
490,0,VMO,0.78616,21.393,,
491,0,VMO,0.801588,21.812,,
492,0,VMO,0.807791,21.981,,
493,0,VMO,0.813891,22.147,,
494,0,VMO,0.813962,22.149,,
495,0,VMO,0.814033,22.151,,
496,0,VMO,0.816755,22.225,,
497,0,VMO,0.816763,22.225,,
498,0,VMO,0.816768,22.225,,
499,0,VMO,0.828587,22.547,,
500,0,VMO,0.828691,22.55,,
501,0,VMO,0.8287,22.55,,
502,0,VMO,0.828738,22.551,,
503,0,VMO,0.83016,22.59,,
504,0,VMO,0.83041,22.597,,
505,0,VMO,0.830666,22.604,,
506,0,VMO,0.835842,22.744,,
507,0,VMO,0.839355,22.84,,
508,0,VMO,0.839365,22.84,,
509,0,VMO,0.839368,22.84,,
510,0,VMO,0.840837,22.88,,
511,0,VMO,0.842726,22.932,,
512,0,VMO,0.845429,23.005,,
513,0,VMO,0.852325,23.193,,
514,0,VMO,0.852331,23.193,,
515,0,VMO,0.852337,23.193,,
516,0,VMO,0.852341,23.193,,
517,0,VMO,0.852349,23.194,,
518,0,VMO,0.855302,23.274,,
519,0,VMO,0.856058,23.295,,
520,0,VMO,0.856435,23.305,,
521,0,VMO,0.85686,23.316,,
522,0,VMO,0.859192,23.38,,
523,0,VMO,0.859292,23.383,,
524,0,VMO,0.859398,23.385,,
525,0,VMO,0.871104,23.704,,
526,0,VMO,0.871719,23.721,,
527,0,VMO,0.872891,23.753,,
528,0,VMO,0.874619,23.8,,
529,0,VMO,0.875204,23.816,,
530,0,VMO,0.875627,23.827,,
531,0,VMO,0.877137,23.868,,
532,0,VMO,0.879768,23.94,,
533,0,VMO,0.888819,24.186,,
534,0,VMO,0.889087,24.193,,
535,0,VMO,0.889412,24.202,,
536,0,VMO,0.889836,24.214,,
537,0,VMO,0.890029,24.219,,
538,0,VMO,0.923573,25.132,,
539,0,VMO,0.923996,25.143,,
540,0,VMO,0.924344,25.153,,
541,0,VMO,0.924744,25.164,,
542,0,VMO,0.928416,25.263,,
543,0,VMO,0.928627,25.269,,
544,0,VMO,0.928953,25.278,,
545,0,VMO,0.929594,25.296,,
546,0,VMO,0.929636,25.297,,
547,0,VMO,0.929695,25.298,,
548,0,VMO,0.929765,25.3,,
549,0,VMO,0.929812,25.301,,
550,0,VMO,0.93316,25.393,,
551,0,VMO,0.933482,25.401,,
552,0,VMO,0.933554,25.403,,
553,0,VMO,0.933682,25.407,,
554,0,VMO,0.93569,25.461,,
555,0,VMO,0.936626,25.487,,
556,0,VMO,0.937239,25.504,,
557,0,VMO,0.937453,25.509,,
558,0,VMO,0.937581,25.513,,
559,0,VMO,0.937691,25.516,,
560,0,VMO,0.938161,25.529,,
561,0,VMO,0.939088,25.554,,
562,0,VMO,0.939843,25.574,,
563,0,VMO,0.942479,25.646,,
564,0,VMO,0.942601,25.649,,
565,0,VMO,0.942639,25.651,,
566,0,VMO,0.950815,25.873,,
567,0,VMO,0.983009,26.749,,
568,0,VMO,0.983345,26.758,,
569,0,VMO,0.98347,26.762,,
570,0,VMO,0.983493,26.762,,
571,0,VMO,0.983918,26.774,,
572,0,VMO,0.984397,26.787,,
573,0,VMO,0.984529,26.79,,
574,0,VMO,0.984535,26.791,,
575,0,VMO,1.020429,27.767,,
576,0,VMO,1.020448,27.768,,
577,0,VMO,1.020451,27.768,,
578,0,VMO,1.035214,28.17,,
579,0,VMO,1.03585,28.187,,
580,0,VMO,1.036998,28.218,,
581,0,VMO,1.046537,28.478,,
582,0,VMO,1.046967,28.489,,
583,0,VMO,1.047137,28.494,,
584,0,VMO,1.047177,28.495,,
585,0,VMO,1.047713,28.51,,
586,0,VMO,1.053028,28.654,,
587,0,VMO,1.053195,28.659,,
588,0,VMO,1.053281,28.661,,
589,0,VMO,1.053441,28.666,,
590,0,VMO,1.055469,28.721,,
591,0,VMO,1.055956,28.734,,
592,0,VMO,1.057116,28.766,,
593,0,VMO,1.05717,28.767,,
594,0,VMO,1.057748,28.783,,
595,0,VMO,1.064824,28.975,,
596,0,VMO,1.064853,28.976,,
597,0,VMO,1.064873,28.977,,
598,0,VMO,1.081344,29.425,,
599,0,VMO,1.08143,29.427,,
600,0,VMO,1.081506,29.429,,
601,0,VMO,1.081617,29.432,,
602,0,VMO,1.081629,29.433,,
603,0,VMO,1.090278,29.668,,
604,0,VMO,1.090697,29.679,,
605,0,VMO,1.090936,29.686,,
606,0,VMO,1.091291,29.696,,
607,0,VMO,1.118894,30.447,,
608,0,VMO,1.11891,30.447,,
609,0,VMO,1.119,30.45,,
610,0,VMO,1.119018,30.45,,
611,0,VMO,1.119178,30.454,,
612,0,VMO,1.120925,30.502,,
613,0,VMO,1.121129,30.507,,
614,0,VMO,1.122565,30.547,,
615,0,VMO,1.124326,30.594,,
616,0,VMO,1.125436,30.625,,
617,0,VMO,1.127288,30.675,,
618,0,VMO,1.129445,30.734,,
619,0,VMO,1.129918,30.747,,
620,0,VMO,1.150724,31.313,,
621,0,VMO,1.150735,31.313,,
622,0,VMO,1.150749,31.313,,
623,0,VMO,1.171891,31.889,,
624,0,VMO,1.171903,31.889,,
625,0,VMO,1.171927,31.89,,
626,0,VMO,1.184088,32.221,,
627,0,VMO,1.18412,32.222,,
628,0,VMO,1.184195,32.224,,
629,0,VMO,1.184208,32.224,,
630,0,VMO,1.184236,32.225,,
631,0,VMO,1.187137,32.304,,
632,0,VMO,1.187153,32.304,,
633,0,VMO,1.187174,32.305,,
634,0,VMO,1.219852,33.194,,
635,0,VMO,1.221534,33.24,,
636,0,VMO,1.22187,33.249,,
637,0,VMO,1.222302,33.261,,
638,0,VMO,1.222381,33.263,,
639,0,VMO,1.222664,33.27,,
640,0,VMO,1.223413,33.291,,
641,0,VMO,1.226997,33.388,,
642,0,VMO,1.227117,33.392,,
643,0,VMO,1.227136,33.392,,
644,0,VMO,1.227233,33.395,,
645,0,VMO,1.257918,34.23,,
646,0,VMO,1.257926,34.23,,
647,0,VMO,1.257927,34.23,,
648,0,VMO,1.257956,34.231,,
649,0,VMO,1.257961,34.231,,
650,0,VMO,1.290614,35.119,,
651,0,VMO,1.290649,35.12,,
652,0,VMO,1.290746,35.123,,
653,0,VMO,1.307411,35.576,,
654,0,VMO,1.307431,35.577,,
655,0,VMO,1.307433,35.577,,
656,0,VMO,1.307444,35.577,,
657,0,VMO,1.307464,35.578,,
658,0,VMO,1.317431,35.849,,
659,0,VMO,1.317698,35.856,,
660,0,VMO,1.317839,35.86,,
661,0,VMO,1.317959,35.863,,
662,0,VMO,1.320089,35.921,,
663,0,VMO,1.320124,35.922,,
664,0,VMO,1.320127,35.922,,
665,0,VMO,1.320134,35.923,,
666,0,VMO,1.320144,35.923,,
667,0,VMO,1.328115,36.14,,
668,0,VMO,1.329465,36.177,,
669,0,VMO,1.329473,36.177,,
670,0,VMO,1.3295,36.178,,
671,0,VMO,1.329502,36.178,,
672,0,VMO,1.329508,36.178,,
673,0,VMO,1.331281,36.226,,
674,0,VMO,1.3313,36.227,,
675,0,VMO,1.331314,36.227,,
676,0,VMO,1.337227,36.388,,
677,0,VMO,1.337301,36.39,,
678,0,VMO,1.337389,36.392,,
679,0,VMO,1.337464,36.394,,
680,0,VMO,1.360411,37.019,,
681,0,VMO,1.360459,37.02,,
682,0,VMO,1.36051,37.021,,
683,0,VMO,1.360547,37.022,,
684,0,VMO,1.360647,37.025,,
685,0,VMO,1.386194,37.72,,
686,0,VMO,1.386209,37.721,,
687,0,VMO,1.386216,37.721,,
688,0,VMO,1.391353,37.861,,
689,0,VMO,1.39211,37.881,,
690,0,VMO,1.392477,37.891,,
691,0,VMO,1.392721,37.898,,
692,0,VMO,1.403773,38.199,,
693,0,VMO,1.404108,38.208,,
694,0,VMO,1.404241,38.211,,
695,0,VMO,1.404548,38.22,,
696,0,VMO,1.404837,38.228,,
697,0,VMO,1.408755,38.334,,
698,0,VMO,1.408933,38.339,,
699,0,VMO,1.408975,38.34,,
700,0,VMO,1.412349,38.432,,
701,0,VMO,1.412395,38.433,,
702,0,VMO,1.412413,38.434,,
703,0,VMO,1.412484,38.436,,
704,0,VMO,1.412556,38.438,,
705,0,VMO,1.434201,39.027,,
706,0,VMO,1.434317,39.03,,
707,0,VMO,1.43439,39.032,,
708,0,VMO,1.45418,39.57,,
709,0,VMO,1.4542,39.571,,
710,0,VMO,1.454211,39.571,,
711,0,VMO,1.454268,39.573,,
712,0,VMO,1.463661,39.828,,
713,0,VMO,1.463691,39.829,,
714,0,VMO,1.463737,39.83,,
715,0,VMO,1.475674,40.155,,
716,0,VMO,1.47581,40.159,,
717,0,VMO,1.475859,40.16,,
718,0,VMO,1.480215,40.279,,
719,0,VMO,1.480238,40.279,,
720,0,VMO,1.480335,40.282,,
721,0,VMO,1.485403,40.42,,
722,0,VMO,1.485586,40.425,,
723,0,VMO,1.485672,40.427,,
724,0,VMO,1.485746,40.429,,
725,0,VMO,1.485763,40.43,,
726,0,VMO,1.520102,41.364,,
727,0,VMO,1.520125,41.365,,
728,0,VMO,1.520151,41.365,,
729,0,VMO,1.52841,41.59,,
730,0,VMO,1.528452,41.591,,
731,0,VMO,1.52847,41.592,,
732,0,VMO,1.528483,41.592,,
733,0,VMO,1.528522,41.593,,
734,0,VMO,1.554906,42.311,,
735,0,VMO,1.555057,42.315,,
736,0,VMO,1.55525,42.321,,
737,0,VMO,1.556348,42.35,,
738,0,VMO,1.556468,42.354,,
739,0,VMO,1.55653,42.355,,
740,0,VMO,1.556574,42.357,,
741,0,VMO,1.564913,42.583,,
742,0,VMO,1.565104,42.589,,
743,0,VMO,1.56517,42.59,,
744,0,VMO,1.565232,42.592,,
745,0,VMO,1.565329,42.595,,
746,0,VMO,1.59848,43.497,,
747,0,VMO,1.598587,43.5,,
748,0,VMO,1.598713,43.503,,
749,0,VMO,1.598837,43.507,,
750,0,VMO,1.599187,43.516,,
751,0,VMO,1.610707,43.83,,
752,0,VMO,1.610715,43.83,,
753,0,VMO,1.610734,43.83,,
754,0,VMO,1.610759,43.831,,
755,0,VMO,1.612173,43.869,,
756,0,VMO,1.612264,43.872,,
757,0,VMO,1.612445,43.877,,
758,0,VMO,1.621264,44.117,,
759,0,VMO,1.621719,44.129,,
760,0,VMO,1.621918,44.135,,
761,0,VMO,1.622086,44.139,,
762,0,VMO,1.632982,44.436,,
763,0,VMO,1.633057,44.438,,
764,0,VMO,1.633123,44.44,,
765,0,VMO,1.655427,45.046,,
766,0,VMO,1.655443,45.047,,
767,0,VMO,1.655445,45.047,,
768,0,VMO,1.664058,45.281,,
769,0,VMO,1.664091,45.282,,
770,0,VMO,1.66414,45.284,,
771,0,VMO,1.664171,45.284,,
772,0,VMO,1.664182,45.285,,
773,0,VMO,1.665911,45.332,,
774,0,VMO,1.666075,45.336,,
775,0,VMO,1.666093,45.337,,
776,0,VMO,1.666134,45.338,,
777,0,VMO,1.671941,45.496,,
778,0,VMO,1.672106,45.5,,
779,0,VMO,1.672236,45.504,,
780,0,VMO,1.67227,45.505,,
781,0,VMO,1.672559,45.513,,
782,0,VMO,1.712578,46.602,,
783,0,VMO,1.715614,46.684,,
784,0,VMO,1.715718,46.687,,
785,0,VMO,1.716211,46.7,,
786,0,VMO,1.719519,46.79,,
787,0,VMO,1.719949,46.802,,
788,0,VMO,1.720316,46.812,,
789,0,VMO,1.720502,46.817,,
790,0,VMO,1.721093,46.833,,
791,0,VMO,1.722031,46.859,,
792,0,VMO,1.722042,46.859,,
793,0,VMO,1.722098,46.861,,
794,0,VMO,1.722143,46.862,,
795,0,VMO,1.722186,46.863,,
796,0,VMO,1.747914,47.563,,
797,0,VMO,1.762471,47.959,,
798,0,VMO,1.76751,48.096,,
799,0,VMO,1.76752,48.097,,
800,0,VMO,1.767525,48.097,,
801,0,VMO,1.768313,48.118,,
802,0,VMO,1.770546,48.179,,
803,0,VMO,1.774214,48.279,,
804,0,VMO,1.785317,48.581,,
805,0,VMO,1.785749,48.593,,
806,0,VMO,1.78583,48.595,,
807,0,VMO,1.786009,48.6,,
808,0,VMO,1.786839,48.622,,
809,0,VMO,1.791904,48.76,,
810,0,VMO,1.793709,48.809,,
811,0,VMO,1.796225,48.878,,
812,0,VMO,1.797658,48.917,,
813,0,VMO,1.797889,48.923,,
814,0,VMO,1.798672,48.944,,
815,0,VMO,1.798677,48.944,,
816,0,VMO,1.798683,48.945,,
817,0,VMO,1.800143,48.984,,
818,0,VMO,1.80082,49.003,,
819,0,VMO,1.801141,49.012,,
820,0,VMO,1.802013,49.035,,
821,0,VMO,1.82981,49.792,,
822,0,VMO,1.82983,49.792,,
823,0,VMO,1.83001,49.797,,
824,0,VMO,1.834567,49.921,,
825,0,VMO,1.837538,50.002,,
826,0,VMO,1.837592,50.003,,
827,0,VMO,1.837652,50.005,,
828,0,VMO,1.837694,50.006,,
829,0,VMO,1.839482,50.055,,
830,0,VMO,1.842624,50.14,,
831,0,VMO,1.853941,50.448,,
832,0,VMO,1.853986,50.45,,
833,0,VMO,1.854131,50.453,,
834,0,VMO,1.860934,50.639,,
835,0,VMO,1.860979,50.64,,
836,0,VMO,1.860997,50.64,,
837,0,VMO,1.861029,50.641,,
838,0,VMO,1.873403,50.978,,
839,0,VMO,1.873831,50.99,,
840,0,VMO,1.873962,50.993,,
841,0,VMO,1.874168,50.999,,
842,0,VMO,1.874474,51.007,,
843,0,VMO,1.888349,51.385,,
844,0,VMO,1.888353,51.385,,
845,0,VMO,1.888359,51.385,,
846,0,VMO,1.889885,51.426,,
847,0,VMO,1.889896,51.427,,
848,0,VMO,1.889922,51.427,,
849,0,VMO,1.898559,51.662,,
850,0,VMO,1.898764,51.668,,
851,0,VMO,1.89897,51.674,,
852,0,VMO,1.918717,52.211,,
853,0,VMO,1.918722,52.211,,
854,0,VMO,1.918734,52.211,,
855,0,VMO,1.918737,52.211,,
856,0,VMO,1.918808,52.213,,
857,0,VMO,1.949859,53.058,,
858,0,VMO,1.949906,53.06,,
859,0,VMO,1.949946,53.061,,
860,0,VMO,1.949963,53.061,,
861,0,VMO,1.950043,53.063,,
862,0,VMO,1.959247,53.314,,
863,0,VMO,1.959272,53.315,,
864,0,VMO,1.959278,53.315,,
865,0,VMO,1.959342,53.316,,
866,0,VMO,1.976965,53.796,,
867,0,VMO,1.99419,54.265,,
868,0,VMO,1.994345,54.269,,
869,0,VMO,1.994456,54.272,,
870,0,VMO,1.994548,54.274,,
871,0,VMO,1.994588,54.276,,
872,0,VMO,2.000187,54.428,,
873,0,VMO,2.000299,54.431,,
874,0,VMO,2.000694,54.442,,
875,0,VMO,2.046927,55.7,,
876,0,VMO,2.047006,55.702,,
877,0,VMO,2.047058,55.703,,
878,0,VMO,2.047119,55.705,,
879,0,VMO,2.047133,55.705,,
880,0,VMO,2.051845,55.834,,
881,0,VMO,2.051853,55.834,,
882,0,VMO,2.051861,55.834,,
883,0,VMO,2.088997,56.845,,
884,0,VMO,2.089001,56.845,,
885,0,VMO,2.089009,56.845,,
886,0,VMO,2.089021,56.845,,
887,0,VMO,2.089039,56.846,,
888,0,VMO,2.090448,56.884,,
889,0,VMO,2.090453,56.884,,
890,0,VMO,2.090464,56.884,,
891,0,VMO,2.144988,58.368,,
892,0,VMO,2.14528,58.376,,
893,0,VMO,2.145319,58.377,,
894,0,VMO,2.145474,58.381,,
895,0,VMO,2.151238,58.538,,
896,0,VMO,2.151478,58.545,,
897,0,VMO,2.151577,58.547,,
898,0,VMO,2.151754,58.552,,
899,0,VMO,2.165135,58.916,,
900,0,VMO,2.165287,58.92,,
901,0,VMO,2.165382,58.923,,
902,0,VMO,2.171679,59.094,,
903,0,VMO,2.171857,59.099,,
904,0,VMO,2.171993,59.103,,
905,0,VMO,2.172025,59.104,,
906,0,VMO,2.172295,59.111,,
907,0,VMO,2.181,59.348,,
908,0,VMO,2.182587,59.391,,
909,0,VMO,2.183151,59.407,,
910,0,VMO,2.184134,59.433,,
911,0,VMO,2.185917,59.482,,
912,0,VMO,2.186058,59.486,,
913,0,VMO,2.186079,59.486,,
914,0,VMO,2.201995,59.919,,
915,0,VMO,2.202817,59.942,,
916,0,VMO,2.203175,59.951,,
917,0,VMO,2.203821,59.969,,
918,0,VMO,2.210898,60.162,,
919,0,VMO,2.211307,60.173,,
920,0,VMO,2.21136,60.174,,
921,0,VMO,2.211561,60.18,,
922,0,VMO,2.215806,60.295,,
923,0,VMO,2.215837,60.296,,
924,0,VMO,2.21585,60.296,,
925,0,VMO,2.215878,60.297,,
926,0,VMO,2.215915,60.298,,
927,0,VMO,2.219526,60.396,,
928,0,VMO,2.220622,60.426,,
929,0,VMO,2.221312,60.445,,
930,0,VMO,2.228666,60.645,,
931,0,VMO,2.228736,60.647,,
932,0,VMO,2.229103,60.657,,
933,0,VMO,2.22917,60.659,,
934,0,VMO,2.229406,60.665,,
935,0,VMO,2.229709,60.673,,
936,0,VMO,2.229846,60.677,,
937,0,VMO,2.230072,60.683,,
938,0,VMO,2.245747,61.11,,
939,0,VMO,2.24597,61.116,,
940,0,VMO,2.246126,61.12,,
941,0,VMO,2.246221,61.123,,
942,0,VMO,2.246486,61.13,,
943,0,VMO,2.246719,61.136,,
944,0,VMO,2.246859,61.14,,
945,0,VMO,2.246937,61.142,,
946,0,VMO,2.246972,61.143,,
947,0,VMO,2.271073,61.799,,
948,0,VMO,2.271123,61.8,,
949,0,VMO,2.271163,61.801,,
950,0,VMO,2.285593,62.194,,
951,0,VMO,2.285604,62.194,,
952,0,VMO,2.285616,62.195,,
953,0,VMO,2.294533,62.437,,
954,0,VMO,2.294579,62.439,,
955,0,VMO,2.294795,62.445,,
956,0,VMO,2.294841,62.446,,
957,0,VMO,2.295051,62.452,,
958,0,VMO,2.379316,64.744,,
959,0,VMO,2.381872,64.814,,
960,0,VMO,2.382113,64.821,,
961,0,VMO,2.382301,64.826,,
962,0,VMO,2.382378,64.828,,
963,0,VMO,2.382604,64.834,,
964,0,VMO,2.38282,64.84,,
965,0,VMO,2.382839,64.84,,
966,0,VMO,2.382947,64.843,,
967,0,VMO,2.382965,64.844,,
968,0,VMO,2.383034,64.846,,
969,0,VMO,2.389916,65.033,,
970,0,VMO,2.390479,65.048,,
971,0,VMO,2.390747,65.056,,
972,0,VMO,2.391043,65.064,,
973,0,VMO,2.40369,65.408,,
974,0,VMO,2.40371,65.408,,
975,0,VMO,2.403776,65.41,,
976,0,VMO,2.40378,65.41,,
977,0,VMO,2.412509,65.648,,
978,0,VMO,2.412531,65.648,,
979,0,VMO,2.412538,65.648,,
980,0,VMO,2.431285,66.159,,
981,0,VMO,2.43149,66.164,,
982,0,VMO,2.432085,66.18,,
983,0,VMO,2.437937,66.34,,
984,0,VMO,2.437943,66.34,,
985,0,VMO,2.437964,66.34,,
986,0,VMO,2.437967,66.34,,
987,0,VMO,2.437979,66.341,,
988,0,VMO,2.438913,66.366,,
989,0,VMO,2.438913,66.366,,
990,0,VMO,2.438921,66.366,,
991,0,VMO,2.462422,67.006,,
992,0,VMO,2.463099,67.024,,
993,0,VMO,2.46338,67.032,,
994,0,VMO,2.463804,67.044,,
995,0,VMO,2.464125,67.052,,
996,0,VMO,2.464275,67.056,,
997,0,VMO,2.464348,67.058,,
998,0,VMO,2.478138,67.434,,
999,0,VMO,2.499298,68.009,,
1000,0,VMO,2.499337,68.01,,
1001,0,VMO,2.499352,68.011,,
1002,0,VMO,2.502522,68.097,,
1003,0,VMO,2.502713,68.102,,
1004,0,VMO,2.502828,68.105,,
1005,0,VMO,2.50868,68.265,,
1006,0,VMO,2.508805,68.268,,
1007,0,VMO,2.508907,68.271,,
1008,0,VMO,2.508919,68.271,,
1009,0,VMO,2.509087,68.276,,
1010,0,VMO,2.510248,68.307,,
1011,0,VMO,2.510519,68.315,,
1012,0,VMO,2.510564,68.316,,
1013,0,VMO,2.510765,68.321,,
1014,0,VMO,2.53545,68.993,,
1015,0,VMO,2.535609,68.997,,
1016,0,VMO,2.535711,69.0,,
1017,0,VMO,2.535759,69.002,,
1018,0,VMO,2.537435,69.047,,
1019,0,VMO,2.537534,69.05,,
1020,0,VMO,2.537666,69.053,,
1021,0,VMO,2.537696,69.054,,
1022,0,VMO,2.53779,69.057,,
1023,0,VMO,2.605106,70.889,,
1024,0,VMO,2.605197,70.891,,
1025,0,VMO,2.605282,70.893,,
1026,0,VMO,2.605298,70.894,,
1027,0,VMO,2.605437,70.898,,
1028,0,VMO,2.607478,70.953,,
1029,0,VMO,2.607676,70.958,,
1030,0,VMO,2.607808,70.962,,
1031,0,VMO,2.607877,70.964,,
1032,0,VMO,2.615254,71.165,,
1033,0,VMO,2.61536,71.168,,
1034,0,VMO,2.615427,71.169,,
1035,0,VMO,2.615488,71.171,,
1036,0,VMO,2.615501,71.171,,
1037,0,VMO,2.618526,71.254,,
1038,0,VMO,2.618535,71.254,,
1039,0,VMO,2.618542,71.254,,
1040,0,VMO,2.630049,71.567,,
1041,0,VMO,2.630058,71.568,,
1042,0,VMO,2.630079,71.568,,
1043,0,VMO,2.656244,72.28,,
1044,0,VMO,2.656481,72.287,,
1045,0,VMO,2.656617,72.29,,
1046,0,VMO,2.656728,72.293,,
1047,0,VMO,2.700449,73.483,,
1048,0,VMO,2.70046,73.483,,
1049,0,VMO,2.700471,73.484,,
1050,0,VMO,2.700477,73.484,,
1051,0,VMO,2.700481,73.484,,
1052,0,VMO,2.715991,73.906,,
1053,0,VMO,2.715997,73.906,,
1054,0,VMO,2.716008,73.906,,
1055,0,VMO,2.716013,73.906,,
1056,0,VMO,2.716029,73.907,,
1057,0,VMO,2.716089,73.909,,
1058,0,VMO,2.7161,73.909,,
1059,0,VMO,2.716141,73.91,,
1060,0,VMO,2.716154,73.91,,
1061,0,VMO,2.728755,74.253,,
1062,0,VMO,2.728774,74.254,,
1063,0,VMO,2.728797,74.254,,
1064,0,VMO,2.729695,74.279,,
1065,0,VMO,2.72996,74.286,,
1066,0,VMO,2.730084,74.289,,
1067,0,VMO,2.73406,74.398,,
1068,0,VMO,2.734066,74.398,,
1069,0,VMO,2.734066,74.398,,
1070,0,VMO,2.735059,74.425,,
1071,0,VMO,2.749801,74.826,,
1072,0,VMO,2.749808,74.826,,
1073,0,VMO,2.749825,74.827,,
1074,0,VMO,2.771963,75.429,,
1075,0,VMO,2.771969,75.429,,
1076,0,VMO,2.771983,75.429,,
1077,0,VMO,2.787284,75.846,,
1078,0,VMO,2.787372,75.848,,
1079,0,VMO,2.78747,75.851,,
1080,0,VMO,2.787503,75.852,,
1081,0,VMO,2.787518,75.852,,
1082,0,VMO,2.789009,75.893,,
1083,0,VMO,2.789055,75.894,,
1084,0,VMO,2.78907,75.894,,
1085,0,VMO,2.791066,75.949,,
1086,0,VMO,2.791285,75.955,,
1087,0,VMO,2.791457,75.959,,
1088,0,VMO,2.79154,75.962,,
1089,0,VMO,2.803703,76.293,,
1090,0,VMO,2.803704,76.293,,
1091,0,VMO,2.803706,76.293,,
1092,0,VMO,2.804861,76.324,,
1093,0,VMO,2.8049,76.325,,
1094,0,VMO,2.804908,76.325,,
1095,0,VMO,2.804913,76.326,,
1096,0,VMO,2.834197,77.122,,
1097,0,VMO,2.834205,77.123,,
1098,0,VMO,2.834209,77.123,,
1099,0,VMO,2.834213,77.123,,
1100,0,VMO,2.834215,77.123,,
1101,0,VMO,2.874348,78.215,,
1102,0,VMO,2.874387,78.216,,
1103,0,VMO,2.874419,78.217,,
1104,0,VMO,2.874433,78.217,,
1105,0,VMO,2.874509,78.219,,
1106,0,VMO,2.898586,78.875,,
1107,0,VMO,2.898596,78.875,,
1108,0,VMO,2.898604,78.875,,
1109,0,VMO,2.905658,79.067,,
1110,0,VMO,2.905691,79.068,,
1111,0,VMO,2.905718,79.069,,
1112,0,VMO,2.905745,79.069,,
1113,0,VMO,2.905767,79.07,,
1114,0,VMO,2.907458,79.116,,
1115,0,VMO,2.907946,79.129,,
1116,0,VMO,2.908272,79.138,,
1117,0,VMO,2.908433,79.142,,
1118,0,VMO,2.921136,79.488,,
1119,0,VMO,2.933914,79.836,,
1120,0,VMO,2.933964,79.837,,
1121,0,VMO,2.933965,79.837,,
1122,0,VMO,2.933988,79.838,,
1123,0,VMO,2.935833,79.888,,
1124,0,VMO,2.935895,79.89,,
1125,0,VMO,2.935908,79.89,,
1126,0,VMO,2.935968,79.892,,
1127,0,VMO,2.93632,79.901,,
1128,0,VMO,2.936326,79.901,,
1129,0,VMO,2.936346,79.902,,
1130,0,VMO,2.937949,79.946,,
1131,0,VMO,2.938505,79.961,,
1132,0,VMO,2.938729,79.967,,
1133,0,VMO,2.944317,80.119,,
1134,0,VMO,2.944345,80.12,,
1135,0,VMO,2.944381,80.121,,
1136,0,VMO,2.958383,80.502,,
1137,0,VMO,2.958396,80.502,,
1138,0,VMO,2.9584,80.502,,
1139,0,VMO,2.958406,80.502,,
1140,0,VMO,2.958409,80.502,,
1141,0,VMO,2.964751,80.675,,
1142,0,VMO,2.96477,80.675,,
1143,0,VMO,2.964784,80.676,,
1144,0,VMO,2.964796,80.676,,
1145,0,VMO,2.980866,81.113,,
1146,0,VMO,2.980891,81.114,,
1147,0,VMO,2.980973,81.116,,
1148,0,VMO,2.981005,81.117,,
1149,0,VMO,2.981075,81.119,,
1150,0,VMO,2.991044,81.39,,
1151,0,VMO,2.991059,81.391,,
1152,0,VMO,2.991093,81.392,,
1153,0,VMO,2.992398,81.427,,
1154,0,VMO,2.992402,81.427,,
1155,0,VMO,2.992407,81.428,,
1156,0,VMO,2.99241,81.428,,
1157,0,VMO,2.992418,81.428,,
1158,0,VMO,3.02836,82.406,,
1159,0,VMO,3.028365,82.406,,
1160,0,VMO,3.028366,82.406,,
1161,0,VMO,3.028374,82.406,,
1162,0,VMO,3.028382,82.406,,
1163,0,VMO,3.040847,82.746,,
1164,0,VMO,3.04091,82.747,,
1165,0,VMO,3.041004,82.75,,
1166,0,VMO,3.041697,82.769,,
1167,0,VMO,3.041709,82.769,,
1168,0,VMO,3.041715,82.769,,
1169,0,VMO,3.041717,82.769,,
1170,0,VMO,3.041742,82.77,,
1171,0,VMO,3.059446,83.252,,
1172,0,VMO,3.05945,83.252,,
1173,0,VMO,3.05946,83.252,,
1174,0,VMO,3.067502,83.471,,
1175,0,VMO,3.067505,83.471,,
1176,0,VMO,3.067511,83.471,,
1177,0,VMO,3.093967,84.191,,
1178,0,VMO,3.093976,84.191,,
1179,0,VMO,3.09399,84.192,,
1180,0,VMO,3.093998,84.192,,
1181,0,VMO,3.094012,84.192,,
1182,0,VMO,3.112894,84.706,,
1183,0,VMO,3.112901,84.706,,
1184,0,VMO,3.112908,84.707,,
1185,0,VMO,3.112919,84.707,,
1186,0,VMO,3.112978,84.708,,
1187,0,VMO,3.134758,85.301,,
1188,0,VMO,3.134799,85.302,,
1189,0,VMO,3.134811,85.303,,
1190,0,VMO,3.134846,85.303,,
1191,0,VMO,3.139618,85.433,,
1192,0,VMO,3.139621,85.433,,
1193,0,VMO,3.13965,85.434,,
1194,0,VMO,3.13966,85.434,,
1195,0,VMO,3.139663,85.435,,
1196,0,VMO,3.143392,85.536,,
1197,0,VMO,3.143447,85.538,,
1198,0,VMO,3.143457,85.538,,
1199,0,VMO,3.143482,85.538,,
1200,0,VMO,3.160619,86.005,,
1201,0,VMO,3.160623,86.005,,
1202,0,VMO,3.160645,86.006,,
1203,0,VMO,3.160675,86.006,,
1204,0,VMO,3.163637,86.087,,
1205,0,VMO,3.165509,86.138,,
1206,0,VMO,3.172447,86.327,,
1207,0,VMO,3.172552,86.33,,
1208,0,VMO,3.172587,86.33,,
1209,0,VMO,3.179276,86.513,,
1210,0,VMO,3.179317,86.514,,
1211,0,VMO,3.17937,86.515,,
1212,0,VMO,3.184078,86.643,,
1213,0,VMO,3.184137,86.645,,
1214,0,VMO,3.184162,86.645,,
1215,0,VMO,3.194579,86.929,,
1216,0,VMO,3.194635,86.93,,
1217,0,VMO,3.194685,86.932,,
1218,0,VMO,3.194709,86.932,,
1219,0,VMO,3.232743,87.967,,
1220,0,VMO,3.232787,87.969,,
1221,0,VMO,3.232816,87.969,,
1222,0,VMO,3.248026,88.383,,
1223,0,VMO,3.24806,88.384,,
1224,0,VMO,3.248077,88.385,,
1225,0,VMO,3.248096,88.385,,
1226,0,VMO,3.250965,88.463,,
1227,0,VMO,3.250966,88.463,,
1228,0,VMO,3.250996,88.464,,
1229,0,VMO,3.25102,88.465,,
1230,0,VMO,3.251033,88.465,,
1231,0,VMO,3.260269,88.716,,
1232,0,VMO,3.260625,88.726,,
1233,0,VMO,3.260666,88.727,,
1234,0,VMO,3.260706,88.728,,
1235,0,VMO,3.260709,88.728,,
1236,0,VMO,3.260719,88.729,,
1237,0,VMO,3.261099,88.739,,
1238,0,VMO,3.2744,89.101,,
1239,0,VMO,3.274534,89.105,,
1240,0,VMO,3.274554,89.105,,
1241,0,VMO,3.274574,89.106,,
1242,0,VMO,3.274776,89.111,,
1243,0,VMO,3.280705,89.273,,
1244,0,VMO,3.280743,89.274,,
1245,0,VMO,3.280826,89.276,,
1246,0,VMO,3.281425,89.292,,
1247,0,VMO,3.308372,90.025,,
1248,0,VMO,3.308388,90.026,,
1249,0,VMO,3.308465,90.028,,
1250,0,VMO,3.308485,90.028,,
1251,0,VMO,3.308582,90.031,,
1252,0,VMO,3.326857,90.528,,
1253,0,VMO,3.326951,90.531,,
1254,0,VMO,3.327023,90.533,,
1255,0,VMO,3.327068,90.534,,
1256,0,VMO,3.327234,90.539,,
1257,0,VMO,3.328307,90.568,,
1258,0,VMO,3.328396,90.57,,
1259,0,VMO,3.328452,90.572,,
1260,0,VMO,3.32853,90.574,,
1261,0,VMO,3.328627,90.577,,
1262,0,VMO,3.328648,90.577,,
1263,0,VMO,3.328655,90.577,,
1264,0,VMO,3.330336,90.623,,
1265,0,VMO,3.330523,90.628,,
1266,0,VMO,3.330665,90.632,,
1267,0,VMO,3.330903,90.638,,
1268,0,VMO,3.330926,90.639,,
1269,0,VMO,3.344449,91.007,,
1270,0,VMO,3.344495,91.008,,
1271,0,VMO,3.344618,91.012,,
1272,0,VMO,3.348979,91.13,,
1273,0,VMO,3.34908,91.133,,
1274,0,VMO,3.349108,91.134,,
1275,0,VMO,3.34914,91.135,,
1276,0,VMO,3.368717,91.667,,
1277,0,VMO,3.368723,91.668,,
1278,0,VMO,3.36873,91.668,,
1279,0,VMO,3.374866,91.835,,
1280,0,VMO,3.374901,91.836,,
1281,0,VMO,3.374912,91.836,,
1282,0,VMO,3.37492,91.836,,
1283,0,VMO,3.375005,91.839,,
1284,0,VMO,3.390779,92.268,,
1285,0,VMO,3.390787,92.268,,
1286,0,VMO,3.390793,92.268,,
1287,0,VMO,3.399281,92.499,,
1288,0,VMO,3.399306,92.5,,
1289,0,VMO,3.399313,92.5,,
1290,0,VMO,3.402746,92.593,,
1291,0,VMO,3.402779,92.594,,
1292,0,VMO,3.402803,92.595,,
1293,0,VMO,3.402828,92.596,,
1294,0,VMO,3.402831,92.596,,
1295,0,VMO,3.409995,92.791,,
1296,0,VMO,3.410028,92.792,,
1297,0,VMO,3.410052,92.792,,
1298,0,VMO,3.410076,92.793,,
1299,0,VMO,3.413033,92.873,,
1300,0,VMO,3.413057,92.874,,
1301,0,VMO,3.413085,92.875,,
1302,0,VMO,3.419696,93.055,,
1303,0,VMO,3.419721,93.055,,
1304,0,VMO,3.419736,93.056,,
1305,0,VMO,3.419742,93.056,,
1306,0,VMO,3.419771,93.057,,
1307,0,VMO,3.420074,93.065,,
1308,0,VMO,3.420394,93.074,,
1309,0,VMO,3.420481,93.076,,
1310,0,VMO,3.420734,93.083,,
1311,0,VMO,3.421033,93.091,,
1312,0,VMO,3.424005,93.172,,
1313,0,VMO,3.424066,93.174,,
1314,0,VMO,3.424092,93.174,,
1315,0,VMO,3.424191,93.177,,
1316,0,VMO,3.433239,93.423,,
1317,0,VMO,3.433271,93.424,,
1318,0,VMO,3.433373,93.427,,
1319,0,VMO,3.435961,93.497,,
1320,0,VMO,3.436021,93.499,,
1321,0,VMO,3.436026,93.499,,
1322,0,VMO,3.436097,93.501,,
1323,0,VMO,3.486247,94.866,,
1324,0,VMO,3.486263,94.866,,
1325,0,VMO,3.48628,94.867,,
1326,0,VMO,3.486301,94.867,,
1327,0,VMO,3.486309,94.867,,
1328,0,VMO,3.494663,95.095,,
1329,0,VMO,3.49469,95.095,,
1330,0,VMO,3.494701,95.096,,
1331,0,VMO,3.494717,95.096,,
1332,0,VMO,3.50166,95.285,,
1333,0,VMO,3.501719,95.287,,
1334,0,VMO,3.501869,95.291,,
1335,0,VMO,3.513402,95.605,,
1336,0,VMO,3.513469,95.606,,
1337,0,VMO,3.513506,95.607,,
1338,0,VMO,3.513553,95.609,,
1339,0,VMO,3.513628,95.611,,
1340,0,VMO,3.521301,95.819,,
1341,0,VMO,3.521305,95.82,,
1342,0,VMO,3.521307,95.82,,
1343,0,VMO,3.521308,95.82,,
1344,0,VMO,3.521317,95.82,,
1345,0,VMO,3.531733,96.103,,
1346,0,VMO,3.531747,96.104,,
1347,0,VMO,3.531763,96.104,,
1348,0,VMO,3.538448,96.286,,
1349,0,VMO,3.53845,96.286,,
1350,0,VMO,3.538455,96.286,,
1351,0,VMO,3.555571,96.752,,
1352,0,VMO,3.555662,96.754,,
1353,0,VMO,3.555675,96.755,,
1354,0,VMO,3.555782,96.758,,
1355,0,VMO,3.560008,96.873,,
1356,0,VMO,3.560019,96.873,,
1357,0,VMO,3.560024,96.873,,
1358,0,VMO,3.56006,96.874,,
1359,0,VMO,3.563637,96.971,,
1360,0,VMO,3.56364,96.972,,
1361,0,VMO,3.563642,96.972,,
1362,0,VMO,3.563651,96.972,,
1363,0,VMO,3.574359,97.263,,
1364,0,VMO,3.574395,97.264,,
1365,0,VMO,3.574398,97.264,,
1366,0,VMO,3.581936,97.469,,
1367,0,VMO,3.581937,97.469,,
1368,0,VMO,3.581945,97.47,,
1369,0,VMO,3.601443,98.0,,
1370,0,VMO,3.601453,98.001,,
1371,0,VMO,3.601475,98.001,,
1372,0,VMO,3.601494,98.002,,
1373,0,VMO,3.605176,98.102,,
1374,0,VMO,3.608998,98.206,,
1375,0,VMO,3.609039,98.207,,
1376,0,VMO,3.609079,98.208,,
1377,0,VMO,3.609107,98.209,,
1378,0,VMO,3.60913,98.209,,
1379,0,VMO,3.611145,98.264,,
1380,0,VMO,3.611207,98.266,,
1381,0,VMO,3.611261,98.267,,
1382,0,VMO,3.613742,98.335,,
1383,0,VMO,3.613745,98.335,,
1384,0,VMO,3.61375,98.335,,
1385,0,VMO,3.613762,98.335,,
1386,0,VMO,3.617096,98.426,,
1387,0,VMO,3.617124,98.427,,
1388,0,VMO,3.617126,98.427,,
1389,0,VMO,3.617129,98.427,,
1390,0,VMO,3.617131,98.427,,
1391,0,VMO,3.670079,99.868,,
1392,0,VMO,3.670131,99.869,,
1393,0,VMO,3.670136,99.869,,
1394,0,VMO,3.670143,99.87,,
1395,0,VMO,3.670145,99.87,,
1396,0,VMO,3.672795,99.942,,
1397,0,VMO,3.672815,99.942,,
1398,0,VMO,3.672839,99.943,,
1399,0,VMO,3.699066,100.657,,
1400,0,VMO,3.699086,100.657,,
1401,0,VMO,3.699096,100.658,,
1402,0,VMO,3.699101,100.658,,
1403,0,VMO,3.699169,100.66,,
1404,0,VMO,3.767898,102.53,,
1405,0,VMO,3.768007,102.533,,
1406,0,VMO,3.768121,102.536,,
1407,0,VMO,3.768192,102.538,,
1408,0,VMO,3.768219,102.538,,
1409,0,VMO,3.77001,102.587,,
1410,0,VMO,3.770013,102.587,,
1411,0,VMO,3.770016,102.587,,
1412,0,VMO,3.782235,102.92,,
1413,0,VMO,3.782853,102.937,,
1414,0,VMO,3.783211,102.946,,
1415,0,VMO,3.790105,103.134,,
1416,0,VMO,3.800814,103.425,,
1417,0,VMO,3.800831,103.426,,
1418,0,VMO,3.800856,103.427,,
1419,0,VMO,3.816106,103.842,,
1420,0,VMO,3.816124,103.842,,
1421,0,VMO,3.816156,103.843,,
1422,0,VMO,3.816168,103.843,,
1423,0,VMO,3.816188,103.844,,
1424,0,VMO,3.819029,103.921,,
1425,0,VMO,3.819037,103.921,,
1426,0,VMO,3.819044,103.921,,
1427,0,VMO,3.834425,104.34,,
1428,0,VMO,3.834429,104.34,,
1429,0,VMO,3.834433,104.34,,
1430,0,VMO,3.834465,104.341,,
1431,0,VMO,3.845051,104.629,,
1432,0,VMO,3.845063,104.629,,
1433,0,VMO,3.845107,104.631,,
1434,0,VMO,3.845234,104.634,,
1435,0,VMO,3.867318,105.235,,
1436,0,VMO,3.867325,105.235,,
1437,0,VMO,3.867344,105.236,,
1438,0,VMO,3.867351,105.236,,
1439,0,VMO,3.867386,105.237,,
1440,0,VMO,3.87452,105.431,,
1441,0,VMO,3.87452,105.431,,
1442,0,VMO,3.874526,105.431,,
1443,0,VMO,3.886161,105.748,,
1444,0,VMO,3.886167,105.748,,
1445,0,VMO,3.886171,105.748,,
1446,0,VMO,3.886174,105.748,,
1447,0,VMO,3.886175,105.748,,
1448,0,VMO,3.904606,106.25,,
1449,0,VMO,3.90461,106.25,,
1450,0,VMO,3.904611,106.25,,
1451,0,VMO,3.922339,106.732,,
1452,0,VMO,3.923091,106.753,,
1453,0,VMO,3.923101,106.753,,
1454,0,VMO,3.923149,106.754,,
1455,0,VMO,3.923151,106.754,,
1456,0,VMO,3.923154,106.754,,
1457,0,VMO,3.923177,106.755,,
1458,0,VMO,3.923283,106.758,,
1459,0,VMO,3.923391,106.761,,
1460,0,VMO,3.923395,106.761,,
1461,0,VMO,3.923395,106.761,,
1462,0,VMO,3.923396,106.761,,
1463,0,VMO,3.923908,106.775,,
1464,0,VMO,3.946791,107.398,,
1465,0,VMO,3.946814,107.398,,
1466,0,VMO,3.946863,107.4,,
1467,0,VMO,3.95665,107.666,,
1468,0,VMO,3.956698,107.667,,
1469,0,VMO,3.956766,107.669,,
1470,0,VMO,3.978704,108.266,,
1471,0,VMO,3.978704,108.266,,
1472,0,VMO,3.978718,108.266,,
1473,0,VMO,4.000419,108.857,,
1474,0,VMO,4.000435,108.857,,
1475,0,VMO,4.000443,108.858,,
1476,0,VMO,4.009789,109.112,,
1477,0,VMO,4.00979,109.112,,
1478,0,VMO,4.009793,109.112,,
1479,0,VMO,4.009796,109.112,,
1480,0,VMO,4.014996,109.254,,
1481,0,VMO,4.014999,109.254,,
1482,0,VMO,4.015,109.254,,
1483,0,VMO,4.015008,109.254,,
1484,0,VMO,4.015009,109.254,,
1485,0,VMO,4.019119,109.366,,
1486,0,VMO,4.019126,109.366,,
1487,0,VMO,4.019148,109.367,,
1488,0,VMO,4.019154,109.367,,
1489,0,VMO,4.037112,109.855,,
1490,0,VMO,4.037136,109.856,,
1491,0,VMO,4.037183,109.857,,
1492,0,VMO,4.037287,109.86,,
1493,0,VMO,4.037295,109.86,,
1494,0,VMO,4.0373,109.861,,
1495,0,VMO,4.04646,110.11,,
1496,0,VMO,4.046469,110.11,,
1497,0,VMO,4.046482,110.11,,
1498,0,VMO,4.04649,110.111,,
1499,0,VMO,4.046496,110.111,,
1500,0,VMO,4.046591,110.113,,
1501,0,VMO,4.046606,110.114,,
1502,0,VMO,4.046609,110.114,,
1503,0,VMO,4.046625,110.114,,
1504,0,VMO,4.046641,110.115,,
1505,0,VMO,4.054447,110.327,,
1506,0,VMO,4.05452,110.329,,
1507,0,VMO,4.054582,110.331,,
1508,0,VMO,4.054632,110.332,,
1509,0,VMO,4.060722,110.498,,
1510,0,VMO,4.060734,110.498,,
1511,0,VMO,4.060738,110.498,,
1512,0,VMO,4.060764,110.499,,
1513,0,VMO,4.06082,110.501,,
1514,0,VMO,4.069256,110.73,,
1515,0,VMO,4.069891,110.747,,
1516,0,VMO,4.070491,110.764,,
1517,0,VMO,4.080439,111.034,,
1518,0,VMO,4.081091,111.052,,
1519,0,VMO,4.081313,111.058,,
1520,0,VMO,4.081734,111.07,,
1521,0,VMO,4.124159,112.224,,
1522,0,VMO,4.1242,112.225,,
1523,0,VMO,4.124242,112.226,,
1524,0,VMO,4.124252,112.227,,
1525,0,VMO,4.124298,112.228,,
1526,0,VMO,4.125046,112.248,,
1527,0,VMO,4.14322,112.743,,
1528,0,VMO,4.143276,112.744,,
1529,0,VMO,4.143325,112.746,,
1530,0,VMO,4.143359,112.747,,
1531,0,VMO,4.143366,112.747,,
1532,0,VMO,4.149421,112.911,,
1533,0,VMO,4.149443,112.912,,
1534,0,VMO,4.149466,112.913,,
1535,0,VMO,4.162415,113.265,,
1536,0,VMO,4.162977,113.28,,
1537,0,VMO,4.16328,113.289,,
1538,0,VMO,4.163469,113.294,,
1539,0,VMO,4.164018,113.309,,
1540,0,VMO,4.16411,113.311,,
1541,0,VMO,4.164247,113.315,,
1542,0,VMO,4.164322,113.317,,
1543,0,VMO,4.164349,113.318,,
1544,0,VMO,4.178142,113.693,,
1545,0,VMO,4.178212,113.695,,
1546,0,VMO,4.17827,113.697,,
1547,0,VMO,4.178273,113.697,,
1548,0,VMO,4.178372,113.699,,
1549,0,VMO,4.178506,113.703,,
1550,0,VMO,4.184513,113.866,,
1551,0,VMO,4.184727,113.872,,
1552,0,VMO,4.184822,113.875,,
1553,0,VMO,4.184976,113.879,,
1554,0,VMO,4.195265,114.159,,
1555,0,VMO,4.195272,114.159,,
1556,0,VMO,4.195274,114.159,,
1557,0,VMO,4.211146,114.591,,
1558,0,VMO,4.211503,114.601,,
1559,0,VMO,4.211748,114.607,,
1560,0,VMO,4.251307,115.684,,
1561,0,VMO,4.251368,115.686,,
1562,0,VMO,4.251419,115.687,,
1563,0,VMO,4.268403,116.149,,
1564,0,VMO,4.26842,116.15,,
1565,0,VMO,4.268428,116.15,,
1566,0,VMO,4.270001,116.193,,
1567,0,VMO,4.2702,116.198,,
1568,0,VMO,4.270366,116.203,,
1569,0,VMO,4.270487,116.206,,
1570,0,VMO,4.270539,116.207,,
1571,0,VMO,4.289121,116.713,,
1572,0,VMO,4.289221,116.716,,
1573,0,VMO,4.289278,116.717,,
1574,0,VMO,4.289326,116.718,,
1575,0,VMO,4.311672,117.327,,
1576,0,VMO,4.311678,117.327,,
1577,0,VMO,4.31169,117.327,,
1578,0,VMO,4.311701,117.327,,
1579,0,VMO,4.311704,117.327,,
1580,0,VMO,4.343859,118.202,,
1581,0,VMO,4.343899,118.204,,
1582,0,VMO,4.343913,118.204,,
1583,0,VMO,4.34392,118.204,,
1584,0,VMO,4.344446,118.218,,
1585,0,VMO,4.344499,118.22,,
1586,0,VMO,4.344571,118.222,,
1587,0,VMO,4.34459,118.222,,
1588,0,VMO,4.344689,118.225,,
1589,0,VMO,4.403509,119.826,,
1590,0,VMO,4.403591,119.828,,
1591,0,VMO,4.403645,119.829,,
1592,0,VMO,4.403711,119.831,,
1593,0,VMO,4.422217,120.335,,
1594,0,VMO,4.42227,120.336,,
1595,0,VMO,4.422326,120.338,,
1596,0,VMO,4.42884,120.515,,
1597,0,VMO,4.428845,120.515,,
1598,0,VMO,4.428863,120.515,,
1599,0,VMO,4.428868,120.516,,
1600,0,VMO,4.428893,120.516,,
1601,0,VMO,4.442724,120.893,,
1602,0,VMO,4.442726,120.893,,
1603,0,VMO,4.442734,120.893,,
1604,0,VMO,4.465367,121.509,,
1605,0,VMO,4.465368,121.509,,
1606,0,VMO,4.465371,121.509,,
1607,0,VMO,4.465374,121.509,,
1608,0,VMO,4.465393,121.51,,
1609,0,VMO,4.468598,121.597,,
1610,0,VMO,4.468602,121.597,,
1611,0,VMO,4.468607,121.597,,
1612,0,VMO,4.517001,122.914,,
1613,0,VMO,4.517028,122.915,,
1614,0,VMO,4.517166,122.918,,
1615,0,VMO,4.527213,123.192,,
1616,0,VMO,4.527639,123.203,,
1617,0,VMO,4.527677,123.204,,
1618,0,VMO,4.527718,123.205,,
1619,0,VMO,4.527764,123.207,,
1620,0,VMO,4.527787,123.207,,
1621,0,VMO,4.548808,123.779,,
1622,0,VMO,4.549045,123.786,,
1623,0,VMO,4.5491,123.787,,
1624,0,VMO,4.554751,123.941,,
1625,0,VMO,4.554763,123.941,,
1626,0,VMO,4.554768,123.942,,
1627,0,VMO,4.554777,123.942,,
1628,0,VMO,4.563397,124.176,,
1629,0,VMO,4.563399,124.176,,
1630,0,VMO,4.563416,124.177,,
1631,0,VMO,4.609281,125.425,,
1632,0,VMO,4.609284,125.425,,
1633,0,VMO,4.609286,125.425,,
1634,0,VMO,4.609293,125.425,,
1635,0,VMO,4.609296,125.425,,
1636,0,VMO,4.634951,126.123,,
1637,0,VMO,4.634965,126.124,,
1638,0,VMO,4.634979,126.124,,
1639,0,VMO,4.643167,126.347,,
1640,0,VMO,4.643171,126.347,,
1641,0,VMO,4.643175,126.347,,
1642,0,VMO,4.663657,126.905,,
1643,0,VMO,4.66367,126.905,,
1644,0,VMO,4.663695,126.906,,
1645,0,VMO,4.663707,126.906,,
1646,0,VMO,4.663713,126.906,,
1647,0,VMO,4.69158,127.664,,
1648,0,VMO,4.691607,127.665,,
1649,0,VMO,4.691622,127.666,,
1650,0,VMO,4.691624,127.666,,
1651,0,VMO,4.706426,128.068,,
1652,0,VMO,4.706621,128.074,,
1653,0,VMO,4.706703,128.076,,
1654,0,VMO,4.706764,128.078,,
1655,0,VMO,4.715878,128.326,,
1656,0,VMO,4.715913,128.327,,
1657,0,VMO,4.715953,128.328,,
1658,0,VMO,4.71597,128.328,,
1659,0,VMO,4.715991,128.329,,
1660,0,VMO,4.734163,128.823,,
1661,0,VMO,4.734172,128.823,,
1662,0,VMO,4.734173,128.823,,
1663,0,VMO,4.758618,129.489,,
1664,0,VMO,4.758642,129.489,,
1665,0,VMO,4.758659,129.49,,
1666,0,VMO,4.780463,130.083,,
1667,0,VMO,4.780472,130.083,,
1668,0,VMO,4.780477,130.083,,
1669,0,VMO,4.786671,130.252,,
1670,0,VMO,4.786732,130.254,,
1671,0,VMO,4.786738,130.254,,
1672,0,VMO,4.809537,130.874,,
1673,0,VMO,4.809542,130.874,,
1674,0,VMO,4.809552,130.875,,
1675,0,VMO,4.80957,130.875,,
1676,0,VMO,4.809629,130.877,,
1677,0,VMO,4.840887,131.727,,
1678,0,VMO,4.840893,131.727,,
1679,0,VMO,4.840908,131.728,,
1680,0,VMO,4.840922,131.728,,
1681,0,VMO,4.840948,131.729,,
1682,0,VMO,4.842493,131.771,,
1683,0,VMO,4.842507,131.771,,
1684,0,VMO,4.842515,131.772,,
1685,0,VMO,4.842529,131.772,,
1686,0,VMO,4.913034,133.69,,
1687,0,VMO,4.91305,133.691,,
1688,0,VMO,4.913058,133.691,,
1689,0,VMO,4.924171,133.994,,
1690,0,VMO,4.924264,133.996,,
1691,0,VMO,4.924312,133.997,,
1692,0,VMO,4.924416,134.0,,
1693,0,VMO,4.95738,134.897,,
1694,0,VMO,4.957393,134.898,,
1695,0,VMO,4.957402,134.898,,
1696,0,VMO,4.957402,134.898,,
1697,0,VMO,4.95742,134.898,,
1698,0,VMO,4.981902,135.564,,
1699,0,VMO,4.981945,135.566,,
1700,0,VMO,4.981953,135.566,,
1701,0,VMO,4.995875,135.945,,
1702,0,VMO,4.995884,135.945,,
1703,0,VMO,4.99589,135.945,,
1704,0,VMO,4.995898,135.945,,
1705,0,VMO,5.03053,136.888,,
1706,0,VMO,5.030533,136.888,,
1707,0,VMO,5.030535,136.888,,
1708,0,VMO,5.039433,137.13,,
1709,0,VMO,5.039437,137.13,,
1710,0,VMO,5.039439,137.13,,
1711,0,VMO,5.039443,137.13,,
1712,0,VMO,5.039449,137.13,,
1713,0,VMO,5.05494,137.552,,
1714,0,VMO,5.054945,137.552,,
1715,0,VMO,5.054947,137.552,,
1716,0,VMO,5.054949,137.552,,
1717,0,VMO,5.054968,137.553,,
1718,0,VMO,5.055515,137.568,,
1719,0,VMO,5.05555,137.569,,
1720,0,VMO,5.05556,137.569,,
1721,0,VMO,5.05558,137.569,,
1722,0,VMO,5.092026,138.561,,
1723,0,VMO,5.09204,138.561,,
1724,0,VMO,5.09205,138.562,,
1725,0,VMO,5.092053,138.562,,
1726,0,VMO,5.121888,139.374,,
1727,0,VMO,5.121891,139.374,,
1728,0,VMO,5.121896,139.374,,
1729,0,VMO,5.121908,139.374,,
1730,0,VMO,5.130498,139.608,,
1731,0,VMO,5.130521,139.609,,
1732,0,VMO,5.130536,139.609,,
1733,0,VMO,5.163224,140.498,,
1734,0,VMO,5.163282,140.5,,
1735,0,VMO,5.163316,140.501,,
1736,0,VMO,5.163363,140.502,,
1737,0,VMO,5.163427,140.504,,
1738,0,VMO,5.163759,140.513,,
1739,0,VMO,5.163763,140.513,,
1740,0,VMO,5.163774,140.513,,
1741,0,VMO,5.192678,141.3,,
1742,0,VMO,5.192683,141.3,,
1743,0,VMO,5.192694,141.3,,
1744,0,VMO,5.241176,142.62,,
1745,0,VMO,5.241201,142.62,,
1746,0,VMO,5.241219,142.621,,
1747,0,VMO,5.241223,142.621,,
1748,0,VMO,5.241248,142.622,,
1749,0,VMO,5.241985,142.642,,
1750,0,VMO,5.242163,142.647,,
1751,0,VMO,5.242291,142.65,,
1752,0,VMO,5.282053,143.732,,
1753,0,VMO,5.282112,143.734,,
1754,0,VMO,5.282146,143.735,,
1755,0,VMO,5.299104,144.196,,
1756,0,VMO,5.29916,144.197,,
1757,0,VMO,5.299263,144.2,,
1758,0,VMO,5.299278,144.201,,
1759,0,VMO,5.299283,144.201,,
1760,0,VMO,5.340235,145.315,,
1761,0,VMO,5.34026,145.316,,
1762,0,VMO,5.340343,145.318,,
1763,0,VMO,5.34035,145.318,,
1764,0,VMO,5.340429,145.32,,
1765,0,VMO,5.34363,145.408,,
1766,0,VMO,5.343671,145.409,,
1767,0,VMO,5.343694,145.409,,
1768,0,VMO,5.343711,145.41,,
1769,0,VMO,5.343769,145.411,,
1770,0,VMO,5.439284,148.01,,
1771,0,VMO,5.439312,148.011,,
1772,0,VMO,5.439348,148.012,,
1773,0,VMO,5.439353,148.012,,
1774,0,VMO,5.446281,148.201,,
1775,0,VMO,5.446308,148.202,,
1776,0,VMO,5.446324,148.202,,
1777,0,VMO,5.460051,148.576,,
1778,0,VMO,5.460159,148.578,,
1779,0,VMO,5.460237,148.581,,
1780,0,VMO,5.496192,149.559,,
1781,0,VMO,5.496213,149.56,,
1782,0,VMO,5.496226,149.56,,
1783,0,VMO,5.496294,149.562,,
1784,0,VMO,5.528625,150.442,,
1785,0,VMO,5.548776,150.99,,
1786,0,VMO,5.548824,150.991,,
1787,0,VMO,5.54886,150.992,,
1788,0,VMO,5.548888,150.993,,
1789,0,VMO,5.549022,150.997,,
1790,0,VMO,5.550407,151.034,,
1791,0,VMO,5.550472,151.036,,
1792,0,VMO,5.550521,151.037,,
1793,0,VMO,5.550571,151.039,,
1794,0,VMO,5.569143,151.544,,
1795,0,VMO,5.569161,151.545,,
1796,0,VMO,5.569171,151.545,,
1797,0,VMO,5.569216,151.546,,
1798,0,VMO,5.607759,152.595,,
1799,0,VMO,5.607767,152.595,,
1800,0,VMO,5.607767,152.595,,
1801,0,VMO,5.607814,152.596,,
1802,0,VMO,5.607832,152.597,,
1803,0,VMO,5.661196,154.049,,
1804,0,VMO,5.661251,154.05,,
1805,0,VMO,5.66131,154.052,,
1806,0,VMO,5.661679,154.062,,
1807,0,VMO,5.697595,155.039,,
1808,0,VMO,5.697716,155.043,,
1809,0,VMO,5.697872,155.047,,
1810,0,VMO,5.724527,155.772,,
1811,0,VMO,5.724561,155.773,,
1812,0,VMO,5.724567,155.773,,
1813,0,VMO,5.813949,158.206,,
1814,0,VMO,5.813979,158.206,,
1815,0,VMO,5.814006,158.207,,
1816,0,VMO,5.946147,161.803,,
1817,0,VMO,5.946177,161.804,,
1818,0,VMO,5.946198,161.804,,
1819,0,VMO,5.94621,161.805,,
1820,0,VMO,5.946227,161.805,,
1821,0,VMO,6.036327,164.257,,
1822,0,VMO,6.036396,164.259,,
1823,0,VMO,6.036532,164.262,,
1824,0,VMO,6.036572,164.263,,
1825,0,VMO,6.04392,164.463,,
1826,0,VMO,6.191387,168.476,,
1827,0,VMO,6.19153,168.48,,
1828,0,VMO,6.191555,168.481,,
1829,0,VMO,6.375551,173.488,,
1830,0,VMO,6.375576,173.488,,
1831,0,VMO,6.375581,173.488,,
1832,0,VMO,6.727987,183.078,,
1833,0,VMO,6.757873,183.891,,
1834,0,VMO,6.757877,183.891,,
1835,0,VMO,6.757878,183.891,,
1836,0,VMO,6.757879,183.891,,
1837,0,VMO,6.757883,183.891,,
1838,0,VMO,6.758465,183.907,,
1839,0,VMO,6.758466,183.907,,
1840,0,VMO,6.758469,183.907,,
1841,0,VMO,6.758472,183.907,,
1842,0,VMO,8.384395,228.151,,
1843,0,VMO,8.384419,228.152,,
1844,0,VMO,8.384435,228.152,,
1845,0,VMO,8.384446,228.152,,
1846,0,VMO,8.388809,228.271,,
1847,0,VMO,8.38881,228.271,,
1848,0,VMO,8.388811,228.271,,
1849,0,VMO,9.128052,248.387,,
1850,0,VMO,9.128054,248.387,,
1851,0,VMO,9.128055,248.387,,
1852,0,VMO,9.128056,248.387,,
1853,0,VMO,9.128057,248.387,,
1854,0,VMO,10.00521,272.256,,
1855,0,VMO,22.075617,600.708,,
1856,0,VMO,22.666928,616.798,,
1857,0,VMO,22.66698,616.8,,
1858,0,VMO,22.666985,616.8,,
1859,0,VMO,22.666987,616.8,,
1860,0,VMO,22.667023,616.801,,
1861,0,VMO,22.833448,621.33,,
1862,0,VMO,22.833477,621.33,,
1863,0,VMO,22.833507,621.331,,
1864,0,VMO,22.892435,622.935,,
1865,0,VMO,22.892471,622.936,,
1866,0,VMO,22.89249,622.936,,
1867,0,VMO,22.924068,623.796,,
1868,0,VMO,22.924074,623.796,,
1869,0,VMO,22.924089,623.796,,
1870,0,VMO,22.924116,623.797,,
1871,0,VMO,22.991798,625.639,,
1872,0,VMO,22.991823,625.639,,
1873,0,VMO,22.991845,625.64,,
1874,0,VMO,22.991848,625.64,,
1875,0,VMO,22.991859,625.64,,
1876,0,VMO,23.121852,629.178,,
1877,0,VMO,23.121864,629.178,,
1878,0,VMO,23.12189,629.179,,
1879,0,VMO,23.125403,629.274,,
1880,0,VMO,23.125406,629.274,,
1881,0,VMO,23.125409,629.274,,
1882,0,VMO,23.125446,629.275,,
1883,0,VMO,23.128479,629.358,,
1884,0,VMO,23.128494,629.358,,
1885,0,VMO,23.128534,629.359,,
1886,0,VMO,23.238849,632.361,,
1887,0,VMO,23.238875,632.362,,
1888,0,VMO,23.238896,632.363,,
1889,0,VMO,23.238935,632.364,,
1890,0,VMO,23.23904,632.366,,
1891,0,VMO,23.241053,632.421,,
1892,0,VMO,23.241122,632.423,,
1893,0,VMO,23.241166,632.424,,
1894,0,VMO,23.241181,632.425,,
1895,0,VMO,23.241182,632.425,,
1896,0,VMO,23.425224,637.433,,
1897,0,VMO,23.42523,637.433,,
1898,0,VMO,23.425282,637.434,,
1899,0,VMO,23.49738,639.396,,
1900,0,VMO,23.497451,639.398,,
1901,0,VMO,23.497486,639.399,,
1902,0,VMO,23.497515,639.4,,
1903,0,VMO,23.497525,639.4,,
1904,0,VMO,23.532629,640.355,,
1905,0,VMO,23.532648,640.356,,
1906,0,VMO,23.532693,640.357,,
1907,0,VMO,23.5327,640.357,,
1908,0,VMO,23.873916,649.642,,
1909,0,VMO,23.873979,649.644,,
1910,0,VMO,23.874093,649.647,,
1911,0,VMO,23.874106,649.647,,
1912,0,VMO,23.958016,651.931,,
1913,0,VMO,23.958091,651.933,,
1914,0,VMO,23.958131,651.934,,
1915,0,VMO,36.673424,997.935,,
1916,0,VMO,196.065592,5335.216,,
