block_index,method,manifold,order_in_block,state,state_label,symmetry,energy_au,energy_eV,energy_cm1,wavelength_nm,s_squared,multiplicity,dominant_from_orbital,dominant_to_orbital,dominant_weight,dominant_coefficient
0,TD-DFT/TDA,SINGLETS,1,1,,,0.17539,4.773,38493.7,259.78276964802035,0.0,1,169a,172a,0.828282,0.91009998
0,TD-DFT/TDA,SINGLETS,2,2,,,0.176857,4.813,38815.7,257.62771249777796,0.0,1,168a,170a,0.722636,0.85008024
0,TD-DFT/TDA,SINGLETS,3,3,,,0.177903,4.841,39045.1,256.11408345733525,0.0,1,169a,171a,0.792557,0.89025648
0,TD-DFT/TDA,SINGLETS,4,4,,,0.19238,5.235,42222.4,236.84110803743982,0.0,1,169a,173a,0.260071,0.50997127
0,TD-DFT/TDA,SINGLETS,5,5,,,0.196034,5.334,43024.5,232.42571093214332,0.0,1,162a,171a,0.268941,-0.51859479
0,TD-DFT/TDA,SINGLETS,6,6,,,0.199934,5.44,43880.4,227.89217965196306,0.0,1,161a,172a,0.128182,0.35802499
0,TD-DFT/TDA,SINGLETS,7,7,,,0.204079,5.553,44790.2,223.2631245227751,0.0,1,165a,170a,0.277841,-0.52710595
0,TD-DFT/TDA,SINGLETS,8,8,,,0.208183,5.665,45690.8,218.86244057884736,0.0,1,169a,174a,0.732017,0.85558017
0,TD-DFT/TDA,SINGLETS,9,9,,,0.212854,5.792,46716.0,214.05942289579588,0.0,1,155a,170a,0.591546,-0.76912039
1,TD-DFT/TDA,SINGLETS,1,1,,,0.159014,4.327,34899.5,286.53705640481957,0.0,1,169a,170a,0.454037,-0.67382293
1,TD-DFT/TDA,SINGLETS,2,2,,,0.167212,4.55,36698.9,272.48773123990094,0.0,1,169a,172a,0.705686,0.84005094
1,TD-DFT/TDA,SINGLETS,3,3,,,0.177606,4.833,38980.0,256.5418163160595,0.0,1,168a,171a,0.344179,-0.58666765
1,TD-DFT/TDA,SINGLETS,4,4,,,0.185789,5.056,40776.0,245.2422993917991,0.0,1,169a,173a,0.281157,0.53024196
1,TD-DFT/TDA,SINGLETS,5,5,,,0.192116,5.228,42164.5,237.16633661018156,0.0,1,169a,174a,0.206112,-0.45399549
1,TD-DFT/TDA,SINGLETS,6,6,,,0.196078,5.336,43034.3,232.37278171133258,0.0,1,169a,173a,0.128333,-0.35823622
1,TD-DFT/TDA,SINGLETS,7,7,,,0.201478,5.482,44219.3,226.14559705829805,0.0,1,169a,175a,0.74373,0.86239776
1,TD-DFT/TDA,SINGLETS,8,8,,,0.203342,5.533,44628.4,224.07256365901532,0.0,1,169a,171a,0.15287,0.39098594
1,TD-DFT/TDA,SINGLETS,9,9,,,0.207656,5.651,45575.2,219.41757798100724,0.0,1,169a,171a,0.243955,0.49391809
2,TD-DFT/TDA,SINGLETS,1,1,,,0.141328,3.846,31018.0,322.39344896511705,0.0,1,169a,170a,0.917688,-0.95796027
2,TD-DFT/TDA,SINGLETS,2,2,,,0.158391,4.31,34762.8,287.66382454808013,0.0,1,169a,171a,0.552565,0.74334725
2,TD-DFT/TDA,SINGLETS,3,3,,,0.177743,4.837,39010.1,256.34386992086667,0.0,1,169a,173a,0.291112,-0.53954814
2,TD-DFT/TDA,SINGLETS,4,4,,,0.178702,4.863,39220.6,254.96805250302137,0.0,1,168a,172a,0.480636,-0.69327908
2,TD-DFT/TDA,SINGLETS,5,5,,,0.188611,5.132,41395.2,241.573902288188,0.0,1,169a,175a,0.254461,0.50444121
2,TD-DFT/TDA,SINGLETS,6,6,,,0.190664,5.188,41845.9,238.97203788184743,0.0,1,169a,174a,0.683491,-0.82673495
2,TD-DFT/TDA,SINGLETS,7,7,,,0.192659,5.243,42283.8,236.4971927783217,0.0,1,169a,173a,0.181451,0.42597049
2,TD-DFT/TDA,SINGLETS,8,8,,,0.19882,5.41,43635.8,229.16962677434583,0.0,1,169a,172a,0.543368,0.73713479
2,TD-DFT/TDA,SINGLETS,9,9,,,0.206017,5.606,45215.6,221.1626075956086,0.0,1,164a,172a,0.210386,-0.45867899
3,TD-DFT/TDA,SINGLETS,1,1,,,0.145794,3.967,31998.0,312.51953247077944,0.0,1,169a,170a,0.899053,-0.94818395
3,TD-DFT/TDA,SINGLETS,2,2,,,0.162593,4.424,35685.1,280.2290031413671,0.0,1,169a,172a,0.769749,0.87735322
3,TD-DFT/TDA,SINGLETS,3,3,,,0.178116,4.847,39092.0,255.80681469354343,0.0,1,168a,171a,0.693559,0.8328017
3,TD-DFT/TDA,SINGLETS,4,4,,,0.180626,4.915,39642.9,252.2519795474095,0.0,1,169a,173a,0.297526,-0.54545952
3,TD-DFT/TDA,SINGLETS,5,5,,,0.191026,5.198,41925.3,238.5194619955015,0.0,1,162a,172a,0.164235,-0.40525934
3,TD-DFT/TDA,SINGLETS,6,6,,,0.19259,5.241,42268.7,236.58167864164264,0.0,1,169a,173a,0.120716,-0.34744214
3,TD-DFT/TDA,SINGLETS,7,7,,,0.196274,5.341,43077.2,232.14136480551198,0.0,1,169a,174a,0.723629,0.85066412
3,TD-DFT/TDA,SINGLETS,8,8,,,0.200677,5.461,44043.4,227.04877461776337,0.0,1,169a,171a,0.729241,-0.85395619
3,TD-DFT/TDA,SINGLETS,9,9,,,0.205911,5.603,45192.3,221.27663340878865,0.0,1,164a,171a,0.297587,0.54551496
4,TD-DFT/TDA,SINGLETS,1,1,,,0.147661,4.018,32407.8,308.56769049426373,0.0,1,169a,170a,0.894866,0.94597381
4,TD-DFT/TDA,SINGLETS,2,2,,,0.167544,4.559,36771.7,271.94826456214975,0.0,1,169a,172a,0.796173,0.89228517
4,TD-DFT/TDA,SINGLETS,3,3,,,0.177707,4.836,39002.2,256.3957930578275,0.0,1,168a,171a,0.740311,-0.86041348
4,TD-DFT/TDA,SINGLETS,4,4,,,0.18266,4.97,40089.1,249.4443626821256,0.0,1,169a,173a,0.30502,-0.55228652
4,TD-DFT/TDA,SINGLETS,5,5,,,0.192062,5.226,42152.8,237.23216488584387,0.0,1,169a,173a,0.180289,0.42460511
4,TD-DFT/TDA,SINGLETS,6,6,,,0.194341,5.288,42652.8,234.45119663890762,0.0,1,162a,172a,0.265838,0.51559477
4,TD-DFT/TDA,SINGLETS,7,7,,,0.199962,5.441,43886.6,227.85998459666504,0.0,1,169a,175a,0.409269,0.63974143
4,TD-DFT/TDA,SINGLETS,8,8,,,0.202809,5.519,44511.4,224.6615473788737,0.0,1,169a,171a,0.67963,0.82439666
4,TD-DFT/TDA,SINGLETS,9,9,,,0.206006,5.606,45213.1,221.17483649650214,0.0,1,164a,171a,0.220545,0.46962249
5,TD-DFT/TDA,SINGLETS,1,1,,,0.141111,3.84,30970.3,322.8899946077371,0.0,1,169a,170a,0.913113,-0.95556969
5,TD-DFT/TDA,SINGLETS,2,2,,,0.170292,4.634,37374.8,267.5599601870779,0.0,1,169a,172a,0.779517,-0.88290259
5,TD-DFT/TDA,SINGLETS,3,3,,,0.177544,4.831,38966.4,256.6313541923298,0.0,1,168a,171a,0.737636,-0.85885759
5,TD-DFT/TDA,SINGLETS,4,4,,,0.181634,4.943,39864.1,250.85227058932725,0.0,1,169a,173a,0.392801,0.62673856
5,TD-DFT/TDA,SINGLETS,5,5,,,0.188432,5.127,41356.0,241.8028822903569,0.0,1,169a,177a,0.24013,-0.49003054
5,TD-DFT/TDA,SINGLETS,6,6,,,0.196004,5.334,43017.9,232.46137073171866,0.0,1,162a,172a,0.268121,-0.51780446
5,TD-DFT/TDA,SINGLETS,7,7,,,0.201096,5.472,44135.4,226.57549268840884,0.0,1,169a,175a,0.267999,0.51768641
5,TD-DFT/TDA,SINGLETS,8,8,,,0.202297,5.505,44399.2,225.22928341051193,0.0,1,169a,171a,0.662355,0.81385208
5,TD-DFT/TDA,SINGLETS,9,9,,,0.206035,5.606,45219.4,221.1440222559344,0.0,1,165a,171a,0.252148,-0.5021433
6,TD-DFT/TDA,SINGLETS,1,1,,,0.133913,3.644,29390.5,340.24599785645023,0.0,1,169a,170a,0.927386,0.96300861
6,TD-DFT/TDA,SINGLETS,2,2,,,0.171615,4.67,37665.1,265.49776849125584,0.0,1,169a,172a,0.734895,0.85725988
6,TD-DFT/TDA,SINGLETS,3,3,,,0.177787,4.838,39019.6,256.2814585490369,0.0,1,168a,171a,0.682999,-0.82643744
6,TD-DFT/TDA,SINGLETS,4,4,,,0.178721,4.863,39224.7,254.94140171881494,0.0,1,169a,173a,0.442427,-0.66515185
6,TD-DFT/TDA,SINGLETS,5,5,,,0.186584,5.077,40950.5,244.19726254868684,0.0,1,169a,177a,0.307146,-0.55420779
6,TD-DFT/TDA,SINGLETS,6,6,,,0.196378,5.344,43100.1,232.0180231600391,0.0,1,162a,172a,0.259156,0.50907355
6,TD-DFT/TDA,SINGLETS,7,7,,,0.19881,5.41,43633.7,229.1806562358911,0.0,1,167a,170a,0.285697,-0.53450666
6,TD-DFT/TDA,SINGLETS,8,8,,,0.201238,5.476,44166.6,226.41543609877147,0.0,1,169a,171a,0.644184,0.80261092
6,TD-DFT/TDA,SINGLETS,9,9,,,0.205329,5.587,45064.6,221.90366718000382,0.0,1,169a,176a,0.365759,0.60477994
7,TD-DFT/TDA,SINGLETS,1,1,,,0.127496,3.469,27982.1,357.3713195221231,0.0,1,169a,170a,0.93078,0.96476914
7,TD-DFT/TDA,SINGLETS,2,2,,,0.166211,4.523,36479.1,274.12957008259525,0.0,1,169a,172a,0.789342,-0.88844933
7,TD-DFT/TDA,SINGLETS,3,3,,,0.174636,4.752,38328.1,260.90518444692015,0.0,1,169a,173a,0.56367,-0.75077992
7,TD-DFT/TDA,SINGLETS,4,4,,,0.178382,4.854,39150.4,255.42523192611057,0.0,1,168a,171a,0.746002,0.86371429
7,TD-DFT/TDA,SINGLETS,5,5,,,0.184734,5.027,40544.4,246.64318623533705,0.0,1,169a,177a,0.32835,0.57301867
7,TD-DFT/TDA,SINGLETS,6,6,,,0.194385,5.289,42662.5,234.39789041898624,0.0,1,162a,172a,0.260643,-0.51053176
7,TD-DFT/TDA,SINGLETS,7,7,,,0.195515,5.32,42910.5,233.04319455611096,0.0,1,167a,170a,0.365594,0.60464402
7,TD-DFT/TDA,SINGLETS,8,8,,,0.200031,5.443,43901.8,227.7810932581352,0.0,1,169a,171a,0.720292,0.8487002
7,TD-DFT/TDA,SINGLETS,9,9,,,0.20208,5.499,44351.5,225.47151731057573,0.0,1,169a,176a,0.546535,-0.73927997
8,TD-DFT/TDA,SINGLETS,1,1,,,0.126181,3.434,27693.6,361.09426004564233,0.0,1,169a,170a,0.932627,0.96572626
8,TD-DFT/TDA,SINGLETS,2,2,,,0.166947,4.543,36640.6,272.9212949569603,0.0,1,169a,172a,0.787965,0.8876742
8,TD-DFT/TDA,SINGLETS,3,3,,,0.173453,4.72,38068.6,262.6836815643339,0.0,1,169a,173a,0.594078,0.77076429
8,TD-DFT/TDA,SINGLETS,4,4,,,0.178342,4.853,39141.5,255.48331055273815,0.0,1,168a,171a,0.756868,-0.86998174
8,TD-DFT/TDA,SINGLETS,5,5,,,0.185374,5.044,40684.9,245.79143613478217,0.0,1,169a,177a,0.315775,-0.56193854
8,TD-DFT/TDA,SINGLETS,6,6,,,0.194449,5.291,42676.7,234.31989821143623,0.0,1,162a,172a,0.271752,-0.52129871
8,TD-DFT/TDA,SINGLETS,7,7,,,0.19587,5.33,42988.6,232.61981083356983,0.0,1,167a,170a,0.32493,0.57002651
8,TD-DFT/TDA,SINGLETS,8,8,,,0.200565,5.458,44018.9,227.17514522171157,0.0,1,169a,171a,0.74559,-0.86347539
8,TD-DFT/TDA,SINGLETS,9,9,,,0.203424,5.535,44646.5,223.98172309139574,0.0,1,169a,176a,0.467326,-0.68361246
9,TD-DFT/TDA,SINGLETS,1,1,,,0.129591,3.526,28441.9,351.59395117766394,0.0,1,169a,170a,0.930446,0.96459653
9,TD-DFT/TDA,SINGLETS,2,2,,,0.168642,4.589,37012.7,270.17753365736627,0.0,1,169a,172a,0.787009,0.88713542
9,TD-DFT/TDA,SINGLETS,3,3,,,0.174538,4.749,38306.6,261.0516203474075,0.0,1,169a,173a,0.607858,-0.77965259
9,TD-DFT/TDA,SINGLETS,4,4,,,0.178281,4.851,39128.2,255.57015145087178,0.0,1,168a,171a,0.766894,0.87572501
9,TD-DFT/TDA,SINGLETS,5,5,,,0.186845,5.084,41007.8,243.85604689839494,0.0,1,169a,177a,0.326266,0.57119693
9,TD-DFT/TDA,SINGLETS,6,6,,,0.195031,5.307,42804.3,233.62138850536041,0.0,1,162a,172a,0.290533,-0.53901153
9,TD-DFT/TDA,SINGLETS,7,7,,,0.197919,5.386,43438.3,230.2115874700437,0.0,1,169a,176a,0.256763,-0.5067177
9,TD-DFT/TDA,SINGLETS,8,8,,,0.202031,5.498,44340.7,225.52643508108804,0.0,1,169a,171a,0.744868,0.86305724
9,TD-DFT/TDA,SINGLETS,9,9,,,0.204796,5.573,44947.5,222.4817843039101,0.0,1,169a,176a,0.375446,-0.61273685
10,TD-DFT/TDA,SINGLETS,1,1,,,0.12626,3.436,27710.8,360.8701300575949,0.0,1,169a,170a,0.932835,0.96583359
10,TD-DFT/TDA,SINGLETS,2,2,,,0.168149,4.576,36904.5,270.9696649460093,0.0,1,169a,172a,0.790374,-0.88902996
10,TD-DFT/TDA,SINGLETS,3,3,,,0.172896,4.705,37946.2,263.5309991514302,0.0,1,169a,173a,0.613566,0.78330484
10,TD-DFT/TDA,SINGLETS,4,4,,,0.178204,4.849,39111.4,255.67992963688334,0.0,1,168a,171a,0.76866,-0.87673233
10,TD-DFT/TDA,SINGLETS,5,5,,,0.186389,5.072,40907.7,244.45275583814296,0.0,1,169a,177a,0.28657,0.53532261
10,TD-DFT/TDA,SINGLETS,6,6,,,0.195109,5.309,42821.5,233.52755041275995,0.0,1,162a,172a,0.283927,0.53284762
10,TD-DFT/TDA,SINGLETS,7,7,,,0.197517,5.375,43349.9,230.6810396333094,0.0,1,167a,170a,0.286424,0.5351858
10,TD-DFT/TDA,SINGLETS,8,8,,,0.201305,5.478,44181.3,226.34010316581902,0.0,1,169a,171a,0.73379,0.8566153
10,TD-DFT/TDA,SINGLETS,9,9,,,0.203922,5.549,44755.7,223.4352272447979,0.0,1,165a,170a,0.40397,0.63558657
11,TD-DFT/TDA,SINGLETS,1,1,,,0.125507,3.415,27545.6,363.0343866171004,0.0,1,169a,170a,0.932973,-0.9659052
11,TD-DFT/TDA,SINGLETS,2,2,,,0.167424,4.556,36745.2,272.1443889269891,0.0,1,169a,172a,0.793517,0.8907957
11,TD-DFT/TDA,SINGLETS,3,3,,,0.172726,4.7,37909.0,263.78960141391224,0.0,1,169a,173a,0.618514,-0.78645677
11,TD-DFT/TDA,SINGLETS,4,4,,,0.178363,4.853,39146.1,255.45328908882368,0.0,1,168a,171a,0.763702,0.87390058
11,TD-DFT/TDA,SINGLETS,5,5,,,0.185814,5.056,40781.4,245.20982604814938,0.0,1,169a,177a,0.309642,-0.5564549
11,TD-DFT/TDA,SINGLETS,6,6,,,0.194851,5.302,42764.9,233.83662770168993,0.0,1,162a,172a,0.282102,-0.53113233
11,TD-DFT/TDA,SINGLETS,7,7,,,0.196449,5.346,43115.5,231.93515093179946,0.0,1,167a,170a,0.292914,-0.54121512
11,TD-DFT/TDA,SINGLETS,8,8,,,0.201077,5.472,44131.2,226.5970560510478,0.0,1,169a,171a,0.758192,-0.8707421
11,TD-DFT/TDA,SINGLETS,9,9,,,0.203905,5.549,44752.0,223.45370039327852,0.0,1,165a,170a,0.252899,-0.50289074
12,TD-DFT/TDA,SINGLETS,1,1,,,0.126437,3.441,27749.7,360.364256190157,0.0,1,169a,170a,0.931922,0.96536122
12,TD-DFT/TDA,SINGLETS,2,2,,,0.166792,4.539,36606.6,273.17478268946036,0.0,1,169a,172a,0.790222,-0.88894449
12,TD-DFT/TDA,SINGLETS,3,3,,,0.173069,4.709,37984.2,263.2673585332849,0.0,1,169a,173a,0.618045,0.7861586
12,TD-DFT/TDA,SINGLETS,4,4,,,0.178475,4.857,39170.8,255.29220746065945,0.0,1,168a,171a,0.765161,0.87473455
12,TD-DFT/TDA,SINGLETS,5,5,,,0.185961,5.06,40813.8,245.01516643880254,0.0,1,169a,177a,0.316178,0.56229672
12,TD-DFT/TDA,SINGLETS,6,6,,,0.194589,5.295,42707.4,234.15145852943516,0.0,1,162a,172a,0.290331,0.53882392
12,TD-DFT/TDA,SINGLETS,7,7,,,0.19675,5.354,43181.7,231.57958116516951,0.0,1,167a,170a,0.291942,0.54031644
12,TD-DFT/TDA,SINGLETS,8,8,,,0.201492,5.483,44222.4,226.12974420203335,0.0,1,169a,171a,0.764173,0.87416969
12,TD-DFT/TDA,SINGLETS,9,9,,,0.203869,5.548,44744.0,223.49365278026104,0.0,1,169a,176a,0.297604,-0.54553062
13,TD-DFT/TDA,SINGLETS,1,1,,,0.126199,3.434,27697.6,361.04211195193807,0.0,1,169a,170a,0.932331,0.96557312
13,TD-DFT/TDA,SINGLETS,2,2,,,0.167242,4.551,36705.4,272.4394775700578,0.0,1,169a,172a,0.787282,-0.88728923
13,TD-DFT/TDA,SINGLETS,3,3,,,0.173037,4.709,37977.2,263.31588426740257,0.0,1,169a,173a,0.616999,0.78549295
13,TD-DFT/TDA,SINGLETS,4,4,,,0.178423,4.855,39159.3,255.36717969933068,0.0,1,168a,171a,0.765927,-0.87517249
13,TD-DFT/TDA,SINGLETS,5,5,,,0.18603,5.062,40828.8,244.92515087389293,0.0,1,169a,177a,0.310199,0.55695489
13,TD-DFT/TDA,SINGLETS,6,6,,,0.194824,5.301,42759.0,233.86889309852896,0.0,1,162a,172a,0.292199,0.54055457
13,TD-DFT/TDA,SINGLETS,7,7,,,0.196816,5.356,43196.0,231.5029169367534,0.0,1,167a,170a,0.290719,-0.53918373
13,TD-DFT/TDA,SINGLETS,8,8,,,0.201675,5.488,44262.6,225.92436955804675,0.0,1,169a,171a,0.763569,-0.87382428
13,TD-DFT/TDA,SINGLETS,9,9,,,0.204099,5.554,44794.6,223.24119425109276,0.0,1,165a,170a,0.238483,-0.48834747
14,TD-DFT/TDA,SINGLETS,1,1,,,0.125686,3.42,27584.9,362.51717425113014,0.0,1,169a,170a,0.932784,0.96580734
14,TD-DFT/TDA,SINGLETS,2,2,,,0.16741,4.555,36742.3,272.1658687670614,0.0,1,169a,172a,0.775293,-0.88050743
14,TD-DFT/TDA,SINGLETS,3,3,,,0.172952,4.706,37958.5,263.44560506869345,0.0,1,169a,173a,0.6117,0.78211231
14,TD-DFT/TDA,SINGLETS,4,4,,,0.178409,4.855,39156.3,255.3867449171653,0.0,1,168a,171a,0.762701,0.87332751
14,TD-DFT/TDA,SINGLETS,5,5,,,0.185971,5.061,40816.0,245.0019600156801,0.0,1,169a,177a,0.304238,-0.55157807
14,TD-DFT/TDA,SINGLETS,6,6,,,0.194973,5.305,42791.6,233.6907243477692,0.0,1,162a,172a,0.287281,0.53598625
14,TD-DFT/TDA,SINGLETS,7,7,,,0.196699,5.352,43170.5,231.63966134281512,0.0,1,167a,170a,0.295736,0.54381621
14,TD-DFT/TDA,SINGLETS,8,8,,,0.20173,5.489,44274.5,225.86364611683928,0.0,1,169a,171a,0.755512,0.86920172
14,TD-DFT/TDA,SINGLETS,9,9,,,0.204175,5.556,44811.3,223.1579980942307,0.0,1,165a,170a,0.301707,0.54927828
15,TD-DFT/TDA,SINGLETS,1,1,,,0.125497,3.415,27543.3,363.0647017605007,0.0,1,169a,170a,0.933267,-0.96605743
15,TD-DFT/TDA,SINGLETS,2,2,,,0.167676,4.563,36800.7,271.7339615822525,0.0,1,169a,172a,0.766604,0.87555933
15,TD-DFT/TDA,SINGLETS,3,3,,,0.172874,4.704,37941.4,263.56433869071776,0.0,1,169a,173a,0.610045,0.78105387
15,TD-DFT/TDA,SINGLETS,4,4,,,0.178436,4.855,39162.1,255.34892153382992,0.0,1,168a,171a,0.763702,-0.87390052
15,TD-DFT/TDA,SINGLETS,5,5,,,0.185974,5.061,40816.5,244.9989587544253,0.0,1,169a,177a,0.302739,-0.55021705
15,TD-DFT/TDA,SINGLETS,6,6,,,0.195175,5.311,42836.0,233.4485012606219,0.0,1,162a,172a,0.28845,-0.53707539
15,TD-DFT/TDA,SINGLETS,7,7,,,0.196652,5.351,43160.2,231.69494117265444,0.0,1,167a,170a,0.300277,0.54797553
15,TD-DFT/TDA,SINGLETS,8,8,,,0.202055,5.498,44345.9,225.49998985250045,0.0,1,169a,171a,0.759107,0.87126737
15,TD-DFT/TDA,SINGLETS,9,9,,,0.204163,5.556,44808.7,223.17094671347306,0.0,1,165a,170a,0.31067,0.55737736
16,TD-DFT/TDA,SINGLETS,1,1,,,0.125911,3.426,27634.4,361.867816923834,0.0,1,169a,170a,0.933406,0.96612944
16,TD-DFT/TDA,SINGLETS,2,2,,,0.167973,4.571,36865.8,271.2541162812145,0.0,1,169a,172a,0.753465,0.86802371
16,TD-DFT/TDA,SINGLETS,3,3,,,0.172984,4.707,37965.6,263.3963377373201,0.0,1,169a,173a,0.611792,-0.7821715
16,TD-DFT/TDA,SINGLETS,4,4,,,0.178458,4.856,39166.9,255.31762789498273,0.0,1,168a,171a,0.76251,0.873218
16,TD-DFT/TDA,SINGLETS,5,5,,,0.18611,5.064,40846.5,244.81901754128262,0.0,1,169a,177a,0.307032,-0.5541051
16,TD-DFT/TDA,SINGLETS,6,6,,,0.195318,5.315,42867.4,233.27750225112788,0.0,1,162a,172a,0.286616,0.53536576
16,TD-DFT/TDA,SINGLETS,7,7,,,0.196857,5.357,43205.1,231.4541570323874,0.0,1,167a,170a,0.295118,0.54324747
16,TD-DFT/TDA,SINGLETS,8,8,,,0.202581,5.512,44461.3,224.91470109960795,0.0,1,169a,171a,0.741769,0.86126001
16,TD-DFT/TDA,SINGLETS,9,9,,,0.204246,5.558,44826.9,223.08033792209588,0.0,1,165a,170a,0.279833,-0.52899216
17,TD-DFT/TDA,SINGLETS,1,1,,,0.126054,3.43,27665.7,361.45841240236103,0.0,1,169a,170a,0.933539,-0.96619796
17,TD-DFT/TDA,SINGLETS,2,2,,,0.167984,4.571,36868.3,271.23572282963954,0.0,1,169a,172a,0.749947,0.86599491
17,TD-DFT/TDA,SINGLETS,3,3,,,0.17298,4.707,37964.8,263.4018880647336,0.0,1,169a,173a,0.612507,-0.7826282
17,TD-DFT/TDA,SINGLETS,4,4,,,0.178494,4.857,39175.0,255.26483726866624,0.0,1,168a,171a,0.762734,0.8733467
17,TD-DFT/TDA,SINGLETS,5,5,,,0.186162,5.066,40857.8,244.7513081957423,0.0,1,169a,177a,0.310086,-0.55685351
17,TD-DFT/TDA,SINGLETS,6,6,,,0.195332,5.315,42870.5,233.26063376914195,0.0,1,162a,172a,0.288537,0.53715665
17,TD-DFT/TDA,SINGLETS,7,7,,,0.196969,5.36,43229.7,231.32244729896345,0.0,1,167a,170a,0.289646,0.53818742
17,TD-DFT/TDA,SINGLETS,8,8,,,0.202726,5.516,44493.3,224.75294033034186,0.0,1,169a,171a,0.738184,0.8591766
17,TD-DFT/TDA,SINGLETS,9,9,,,0.204198,5.557,44816.2,223.1335990110719,0.0,1,165a,170a,0.260977,-0.51085886
18,TD-DFT/TDA,SINGLETS,1,1,,,0.125956,3.427,27644.1,361.7408416262422,0.0,1,169a,170a,0.933796,0.96633132
18,TD-DFT/TDA,SINGLETS,2,2,,,0.168072,4.573,36887.5,271.09454422229754,0.0,1,169a,172a,0.744817,-0.86302806
18,TD-DFT/TDA,SINGLETS,3,3,,,0.172908,4.705,37948.8,263.51294375579727,0.0,1,169a,173a,0.611203,-0.78179484
18,TD-DFT/TDA,SINGLETS,4,4,,,0.1785,4.857,39176.3,255.2563667319272,0.0,1,168a,171a,0.762047,-0.87295318
18,TD-DFT/TDA,SINGLETS,5,5,,,0.186124,5.065,40849.5,244.80103795640093,0.0,1,169a,177a,0.308993,-0.55587144
18,TD-DFT/TDA,SINGLETS,6,6,,,0.195366,5.316,42877.8,233.22092084948386,0.0,1,162a,172a,0.2869,-0.53563024
18,TD-DFT/TDA,SINGLETS,7,7,,,0.196942,5.359,43223.9,231.35348730679092,0.0,1,167a,170a,0.289452,0.53800716
18,TD-DFT/TDA,SINGLETS,8,8,,,0.202806,5.519,44510.8,224.66457578834797,0.0,1,169a,171a,0.733261,-0.85630672
18,TD-DFT/TDA,SINGLETS,9,9,,,0.204106,5.554,44796.2,223.23322067496798,0.0,1,165a,170a,0.271275,0.52084055
19,TD-DFT/TDA,SINGLETS,1,1,,,0.126154,3.433,27687.6,361.1725104378856,0.0,1,169a,170a,0.934248,0.96656527
19,TD-DFT/TDA,SINGLETS,2,2,,,0.168626,4.589,37009.2,270.2030846384142,0.0,1,169a,172a,0.733637,-0.85652628
19,TD-DFT/TDA,SINGLETS,3,3,,,0.172982,4.707,37965.3,263.39841908268863,0.0,1,169a,173a,0.604771,-0.77767043
19,TD-DFT/TDA,SINGLETS,4,4,,,0.178437,4.856,39162.4,255.3469654566625,0.0,1,168a,171a,0.762566,-0.87325013
19,TD-DFT/TDA,SINGLETS,5,5,,,0.186197,5.067,40865.4,244.70579022840838,0.0,1,169a,177a,0.30838,0.55531972
19,TD-DFT/TDA,SINGLETS,6,6,,,0.195634,5.323,42936.7,232.90099145952067,0.0,1,162a,172a,0.2849,0.53376057
19,TD-DFT/TDA,SINGLETS,7,7,,,0.197128,5.364,43264.5,231.13638202221222,0.0,1,167a,170a,0.283842,0.53276801
19,TD-DFT/TDA,SINGLETS,8,8,,,0.20313,5.527,44581.9,224.30627676254264,0.0,1,169a,171a,0.721359,-0.84932854
19,TD-DFT/TDA,SINGLETS,9,9,,,0.204201,5.557,44816.9,223.13011386329708,0.0,1,165a,170a,0.297291,0.54524437
20,TD-DFT/TDA,SINGLETS,1,1,,,0.126286,3.436,27716.7,360.79331233516257,0.0,1,169a,170a,0.934491,0.96669056
20,TD-DFT/TDA,SINGLETS,2,2,,,0.169013,4.599,37094.0,269.5853776891141,0.0,1,169a,172a,0.727658,-0.85302859
20,TD-DFT/TDA,SINGLETS,3,3,,,0.172968,4.707,37962.2,263.41992824441155,0.0,1,169a,173a,0.60427,-0.77734779
20,TD-DFT/TDA,SINGLETS,4,4,,,0.178372,4.854,39148.2,255.43958598351907,0.0,1,168a,171a,0.762378,-0.8731426
20,TD-DFT/TDA,SINGLETS,5,5,,,0.186265,5.069,40880.4,244.61600180037377,0.0,1,169a,177a,0.307533,-0.55455617
20,TD-DFT/TDA,SINGLETS,6,6,,,0.195824,5.329,42978.4,232.67501814865142,0.0,1,162a,172a,0.284693,-0.53356595
20,TD-DFT/TDA,SINGLETS,7,7,,,0.197281,5.368,43298.2,230.95648317943935,0.0,1,167a,170a,0.27485,-0.5242615
20,TD-DFT/TDA,SINGLETS,8,8,,,0.203368,5.534,44634.1,224.0439484609301,0.0,1,169a,171a,0.712196,0.84391687
20,TD-DFT/TDA,SINGLETS,9,9,,,0.204232,5.557,44823.7,223.09626380687004,0.0,1,165a,170a,0.320459,-0.56609062
21,TD-DFT/TDA,SINGLETS,1,1,,,0.126332,3.438,27726.7,360.6631874691182,0.0,1,169a,170a,0.934474,-0.96668174
21,TD-DFT/TDA,SINGLETS,2,2,,,0.169065,4.6,37105.4,269.5025521891692,0.0,1,169a,172a,0.7302,0.8545174
21,TD-DFT/TDA,SINGLETS,3,3,,,0.172973,4.707,37963.3,263.4122955591321,0.0,1,169a,173a,0.607465,-0.77940012
21,TD-DFT/TDA,SINGLETS,4,4,,,0.178349,4.853,39143.1,255.47286750410674,0.0,1,168a,171a,0.762536,0.87323324
21,TD-DFT/TDA,SINGLETS,5,5,,,0.186276,5.069,40882.9,244.60104346805142,0.0,1,169a,177a,0.306591,-0.55370624
21,TD-DFT/TDA,SINGLETS,6,6,,,0.195865,5.33,42987.3,232.6268456032363,0.0,1,162a,172a,0.286354,0.5351202
21,TD-DFT/TDA,SINGLETS,7,7,,,0.19733,5.37,43308.9,230.89942252054428,0.0,1,167a,170a,0.271629,-0.52118021
21,TD-DFT/TDA,SINGLETS,8,8,,,0.20346,5.536,44654.3,223.94259903301585,0.0,1,169a,171a,0.709947,-0.84258362
21,TD-DFT/TDA,SINGLETS,9,9,,,0.204251,5.558,44827.8,223.0758591766716,0.0,1,165a,170a,0.328828,0.57343527
22,TD-DFT/TDA,SINGLETS,1,1,,,0.12603,3.429,27660.3,361.52897835526005,0.0,1,169a,170a,0.934737,0.96681792
22,TD-DFT/TDA,SINGLETS,2,2,,,0.169021,4.599,37095.8,269.5722965942236,0.0,1,169a,172a,0.729441,-0.854073
22,TD-DFT/TDA,SINGLETS,3,3,,,0.172817,4.703,37929.0,263.6505048907169,0.0,1,169a,173a,0.61154,-0.78201023
22,TD-DFT/TDA,SINGLETS,4,4,,,0.178312,4.852,39134.9,255.52639715445804,0.0,1,168a,171a,0.759582,0.8715402
22,TD-DFT/TDA,SINGLETS,5,5,,,0.186209,5.067,40868.2,244.68902471848529,0.0,1,169a,177a,0.305576,-0.55278919
22,TD-DFT/TDA,SINGLETS,6,6,,,0.195909,5.331,42997.1,232.5738247463201,0.0,1,162a,172a,0.285153,-0.53399685
22,TD-DFT/TDA,SINGLETS,7,7,,,0.197232,5.367,43287.5,231.01357204735777,0.0,1,167a,170a,0.258367,-0.50829858
22,TD-DFT/TDA,SINGLETS,8,8,,,0.203565,5.539,44677.3,223.82731275166583,0.0,1,169a,171a,0.702632,-0.83823148
22,TD-DFT/TDA,SINGLETS,9,9,,,0.204147,5.555,44805.0,223.18937618569356,0.0,1,165a,170a,0.341763,-0.58460464
23,TD-DFT/TDA,SINGLETS,1,1,,,0.125966,3.428,27646.3,361.7120555010978,0.0,1,169a,170a,0.934738,-0.96681842
23,TD-DFT/TDA,SINGLETS,2,2,,,0.16891,4.596,37071.4,269.74972620402787,0.0,1,169a,172a,0.733362,-0.85636531
23,TD-DFT/TDA,SINGLETS,3,3,,,0.172813,4.702,37928.1,263.6567610821528,0.0,1,169a,173a,0.615329,-0.78442898
23,TD-DFT/TDA,SINGLETS,4,4,,,0.178358,4.853,39145.1,255.45981489381813,0.0,1,168a,171a,0.758521,0.87093109
23,TD-DFT/TDA,SINGLETS,5,5,,,0.186154,5.066,40856.1,244.76149216396084,0.0,1,169a,177a,0.305598,0.55280906
23,TD-DFT/TDA,SINGLETS,6,6,,,0.195868,5.33,42988.0,232.62305759746906,0.0,1,162a,172a,0.286254,0.53502734
23,TD-DFT/TDA,SINGLETS,7,7,,,0.197139,5.364,43267.0,231.1230267871588,0.0,1,167a,170a,0.257255,0.5072027
23,TD-DFT/TDA,SINGLETS,8,8,,,0.203659,5.542,44698.0,223.7236565394425,0.0,1,169a,171a,0.687386,0.82908728
23,TD-DFT/TDA,SINGLETS,9,9,,,0.204134,5.555,44802.3,223.20282664059656,0.0,1,165a,170a,0.323155,0.56846751
24,TD-DFT/TDA,SINGLETS,1,1,,,0.126011,3.429,27656.1,361.58388203687434,0.0,1,169a,170a,0.934833,0.96686743
24,TD-DFT/TDA,SINGLETS,2,2,,,0.168953,4.597,37080.9,269.68061724499677,0.0,1,169a,172a,0.732907,-0.85609983
24,TD-DFT/TDA,SINGLETS,3,3,,,0.172862,4.704,37938.8,263.5824011302413,0.0,1,169a,173a,0.616172,-0.78496607
24,TD-DFT/TDA,SINGLETS,4,4,,,0.178368,4.854,39147.3,255.44545856291492,0.0,1,168a,171a,0.756052,-0.86951233
24,TD-DFT/TDA,SINGLETS,5,5,,,0.18613,5.065,40850.8,244.79324762305754,0.0,1,169a,177a,0.305682,0.55288492
24,TD-DFT/TDA,SINGLETS,6,6,,,0.195894,5.331,42993.8,232.59167600909896,0.0,1,162a,172a,0.2862,-0.53497646
24,TD-DFT/TDA,SINGLETS,7,7,,,0.197124,5.364,43263.7,231.14065602340995,0.0,1,167a,170a,0.250597,0.50059663
24,TD-DFT/TDA,SINGLETS,8,8,,,0.203884,5.548,44747.3,223.4771706896282,0.0,1,169a,171a,0.670103,0.81859825
24,TD-DFT/TDA,SINGLETS,9,9,,,0.204171,5.556,44810.5,223.16198212472523,0.0,1,165a,170a,0.303697,0.55108672
25,TD-DFT/TDA,SINGLETS,1,1,,,0.125958,3.427,27644.5,361.7356074445188,0.0,1,169a,170a,0.935076,-0.96699317
25,TD-DFT/TDA,SINGLETS,2,2,,,0.169065,4.6,37105.4,269.5025521891692,0.0,1,169a,172a,0.731827,0.85546915
25,TD-DFT/TDA,SINGLETS,3,3,,,0.172884,4.704,37943.7,263.54836244225,0.0,1,169a,173a,0.617708,-0.78594414
25,TD-DFT/TDA,SINGLETS,4,4,,,0.178426,4.855,39159.9,255.36326701549288,0.0,1,168a,171a,0.75135,0.8668047
25,TD-DFT/TDA,SINGLETS,5,5,,,0.18609,5.064,40842.0,244.84599187111306,0.0,1,169a,177a,0.305945,0.55312305
25,TD-DFT/TDA,SINGLETS,6,6,,,0.195936,5.332,43003.1,232.54137492413338,0.0,1,162a,172a,0.283394,0.53234794
25,TD-DFT/TDA,SINGLETS,7,7,,,0.197054,5.362,43248.3,231.22296136495538,0.0,1,166a,170a,0.249654,0.49965414
25,TD-DFT/TDA,SINGLETS,8,8,,,0.204183,5.556,44813.0,223.1495325017294,0.0,1,165a,170a,0.341114,0.58404981
25,TD-DFT/TDA,SINGLETS,9,9,,,0.20433,5.56,44845.2,222.98930543291146,0.0,1,169a,171a,0.600954,-0.77521251
26,TD-DFT/TDA,SINGLETS,1,1,,,0.126143,3.433,27685.2,361.2038200916013,0.0,1,169a,170a,0.935204,0.96705941
26,TD-DFT/TDA,SINGLETS,2,2,,,0.169349,4.608,37167.8,269.05009174608125,0.0,1,169a,172a,0.726952,-0.85261472
26,TD-DFT/TDA,SINGLETS,3,3,,,0.173048,4.709,37979.5,263.29993812451454,0.0,1,169a,173a,0.615658,-0.78463865
26,TD-DFT/TDA,SINGLETS,4,4,,,0.178422,4.855,39159.2,255.3678318249607,0.0,1,168a,171a,0.746204,0.86383089
26,TD-DFT/TDA,SINGLETS,5,5,,,0.186101,5.064,40844.4,244.83160482220327,0.0,1,169a,177a,0.307102,-0.55416777
26,TD-DFT/TDA,SINGLETS,6,6,,,0.196061,5.335,43030.4,232.39384249274931,0.0,1,162a,172a,0.276985,-0.52629344
26,TD-DFT/TDA,SINGLETS,7,7,,,0.197068,5.362,43251.3,231.20692326011007,0.0,1,166a,170a,0.252738,-0.50273082
26,TD-DFT/TDA,SINGLETS,8,8,,,0.204346,5.561,44848.8,222.97140614687572,0.0,1,165a,170a,0.293243,-0.54151873
26,TD-DFT/TDA,SINGLETS,9,9,,,0.204584,5.567,44901.0,222.71218903810606,0.0,1,169a,171a,0.614521,-0.78391377
27,TD-DFT/TDA,SINGLETS,1,1,,,0.126439,3.441,27750.1,360.3590617691468,0.0,1,169a,170a,0.93512,-0.96701589
27,TD-DFT/TDA,SINGLETS,2,2,,,0.169575,4.614,37217.4,268.6915260066528,0.0,1,169a,172a,0.720888,0.8490513
27,TD-DFT/TDA,SINGLETS,3,3,,,0.173297,4.716,38034.4,262.919883053236,0.0,1,169a,173a,0.612564,0.78266436
27,TD-DFT/TDA,SINGLETS,4,4,,,0.178385,4.854,39151.0,255.42131746315548,0.0,1,168a,171a,0.738693,-0.85947254
27,TD-DFT/TDA,SINGLETS,5,5,,,0.186132,5.065,40851.3,244.7902514730253,0.0,1,169a,177a,0.309366,-0.55620691
27,TD-DFT/TDA,SINGLETS,6,6,,,0.196175,5.338,43055.5,232.25836420434092,0.0,1,162a,172a,0.269026,0.5186769
27,TD-DFT/TDA,SINGLETS,7,7,,,0.197102,5.363,43258.9,231.16630335029322,0.0,1,166a,170a,0.254358,0.50433906
27,TD-DFT/TDA,SINGLETS,8,8,,,0.20452,5.565,44887.0,222.78165170316572,0.0,1,169a,176a,0.254331,-0.50431212
27,TD-DFT/TDA,SINGLETS,9,9,,,0.204773,5.572,44942.5,222.5065361294988,0.0,1,169a,171a,0.507925,-0.7126889
28,TD-DFT/TDA,SINGLETS,1,1,,,0.126485,3.442,27760.2,360.22795224818265,0.0,1,169a,170a,0.93496,-0.96693341
28,TD-DFT/TDA,SINGLETS,2,2,,,0.169434,4.611,37186.5,268.91479434741103,0.0,1,169a,172a,0.720701,-0.84894084
28,TD-DFT/TDA,SINGLETS,3,3,,,0.173386,4.718,38053.8,262.78584530322854,0.0,1,169a,173a,0.613871,0.78349907
28,TD-DFT/TDA,SINGLETS,4,4,,,0.178356,4.853,39144.7,255.46242530917343,0.0,1,168a,171a,0.73512,-0.85739164
28,TD-DFT/TDA,SINGLETS,5,5,,,0.18611,5.064,40846.5,244.81901754128262,0.0,1,169a,177a,0.31114,-0.55779935
28,TD-DFT/TDA,SINGLETS,6,6,,,0.196155,5.338,43050.9,232.28318107170813,0.0,1,162a,172a,0.26818,-0.517861
28,TD-DFT/TDA,SINGLETS,7,7,,,0.197068,5.362,43251.4,231.2063886949324,0.0,1,166a,170a,0.261129,-0.51100783
28,TD-DFT/TDA,SINGLETS,8,8,,,0.204542,5.566,44891.7,222.75832726316892,0.0,1,169a,176a,0.262407,-0.51225722
28,TD-DFT/TDA,SINGLETS,9,9,,,0.204879,5.575,44965.8,222.39123956429106,0.0,1,169a,171a,0.466686,0.6831445
29,TD-DFT/TDA,SINGLETS,1,1,,,0.126572,3.444,27779.3,359.9802730810352,0.0,1,169a,170a,0.934459,-0.96667413
29,TD-DFT/TDA,SINGLETS,2,2,,,0.169051,4.6,37102.4,269.52434343869936,0.0,1,169a,172a,0.71943,0.84819202
29,TD-DFT/TDA,SINGLETS,3,3,,,0.173503,4.721,38079.4,262.6091797664879,0.0,1,169a,173a,0.615566,-0.78458015
29,TD-DFT/TDA,SINGLETS,4,4,,,0.178328,4.853,39138.5,255.5028935702697,0.0,1,168a,171a,0.731608,-0.85534103
29,TD-DFT/TDA,SINGLETS,5,5,,,0.186111,5.064,40846.6,244.81841817923646,0.0,1,169a,177a,0.31427,-0.5605977
29,TD-DFT/TDA,SINGLETS,6,6,,,0.196044,5.335,43026.7,232.41382676338182,0.0,1,162a,172a,0.273592,0.52306062
29,TD-DFT/TDA,SINGLETS,7,7,,,0.197052,5.362,43248.0,231.22456529781724,0.0,1,166a,170a,0.274088,0.52353461
29,TD-DFT/TDA,SINGLETS,8,8,,,0.204509,5.565,44884.5,222.79406031035214,0.0,1,169a,171a,0.319712,-0.56543092
29,TD-DFT/TDA,SINGLETS,9,9,,,0.204956,5.577,44982.7,222.30768717751494,0.0,1,169a,171a,0.363092,-0.60257075
30,TD-DFT/TDA,SINGLETS,1,1,,,0.126525,3.443,27769.0,360.1137959595232,0.0,1,169a,170a,0.934155,-0.96651711
30,TD-DFT/TDA,SINGLETS,2,2,,,0.168744,4.592,37034.9,270.01557989896014,0.0,1,169a,172a,0.71474,0.84542326
30,TD-DFT/TDA,SINGLETS,3,3,,,0.17351,4.721,38081.1,262.59745648103655,0.0,1,169a,173a,0.6185,-0.78644801
30,TD-DFT/TDA,SINGLETS,4,4,,,0.178319,4.852,39136.5,255.51595058321516,0.0,1,168a,171a,0.721305,0.84929697
30,TD-DFT/TDA,SINGLETS,5,5,,,0.186074,5.063,40838.6,244.86637641838848,0.0,1,169a,177a,0.315759,0.56192415
30,TD-DFT/TDA,SINGLETS,6,6,,,0.195969,5.333,43010.2,232.50298766339148,0.0,1,162a,172a,0.271537,0.52109229
30,TD-DFT/TDA,SINGLETS,7,7,,,0.196979,5.36,43231.9,231.31067568161473,0.0,1,166a,170a,0.290732,-0.53919543
30,TD-DFT/TDA,SINGLETS,8,8,,,0.204482,5.564,44878.6,222.82335010450416,0.0,1,169a,171a,0.283348,-0.53230418
30,TD-DFT/TDA,SINGLETS,9,9,,,0.20509,5.581,45012.1,222.16248519842443,0.0,1,169a,171a,0.410839,0.64096724
31,TD-DFT/TDA,SINGLETS,1,1,,,0.126408,3.44,27743.3,360.4473872971132,0.0,1,169a,170a,0.933994,-0.96643386
31,TD-DFT/TDA,SINGLETS,2,2,,,0.168539,4.586,36990.0,270.3433360367667,0.0,1,169a,172a,0.713505,-0.84469248
31,TD-DFT/TDA,SINGLETS,3,3,,,0.173426,4.719,38062.6,262.72508972061814,0.0,1,169a,173a,0.619498,0.78708184
31,TD-DFT/TDA,SINGLETS,4,4,,,0.17834,4.853,39141.1,255.4859214482986,0.0,1,168a,171a,0.718358,0.84755994
31,TD-DFT/TDA,SINGLETS,5,5,,,0.186088,5.064,40841.6,244.84838987698816,0.0,1,169a,177a,0.316217,0.56233159
31,TD-DFT/TDA,SINGLETS,6,6,,,0.195883,5.33,42991.2,232.6057425705726,0.0,1,162a,172a,0.273636,-0.52310263
31,TD-DFT/TDA,SINGLETS,7,7,,,0.196976,5.36,43231.3,231.31388600389067,0.0,1,166a,170a,0.300396,0.54808425
31,TD-DFT/TDA,SINGLETS,8,8,,,0.204437,5.563,44868.7,222.87251469287054,0.0,1,169a,171a,0.287618,-0.53629983
31,TD-DFT/TDA,SINGLETS,9,9,,,0.205064,5.58,45006.3,222.19111546605697,0.0,1,169a,171a,0.407247,0.63815891
32,TD-DFT/TDA,SINGLETS,1,1,,,0.12641,3.44,27743.7,360.44219047928,0.0,1,169a,170a,0.933875,0.9663719
32,TD-DFT/TDA,SINGLETS,2,2,,,0.168446,4.584,36969.7,270.4917811072311,0.0,1,169a,172a,0.714878,-0.84550473
32,TD-DFT/TDA,SINGLETS,3,3,,,0.173429,4.719,38063.2,262.7209483175351,0.0,1,169a,173a,0.619164,-0.78686978
32,TD-DFT/TDA,SINGLETS,4,4,,,0.178375,4.854,39148.7,255.43632355608233,0.0,1,168a,171a,0.719278,0.84810251
32,TD-DFT/TDA,SINGLETS,5,5,,,0.186105,5.064,40845.3,244.82621011475004,0.0,1,169a,177a,0.315996,0.5621352
32,TD-DFT/TDA,SINGLETS,6,6,,,0.195814,5.328,42976.1,232.6874704777772,0.0,1,162a,172a,0.275581,0.5249578
32,TD-DFT/TDA,SINGLETS,7,7,,,0.196992,5.36,43234.7,231.29569535581376,0.0,1,166a,170a,0.301954,0.54950334
32,TD-DFT/TDA,SINGLETS,8,8,,,0.204462,5.564,44874.3,222.84470175579338,0.0,1,169a,171a,0.316056,-0.56218832
32,TD-DFT/TDA,SINGLETS,9,9,,,0.205032,5.579,44999.3,222.2256790661188,0.0,1,169a,171a,0.388198,0.62305522
33,TD-DFT/TDA,SINGLETS,1,1,,,0.12654,3.443,27772.4,360.06970949575833,0.0,1,169a,170a,0.933354,-0.96610253
33,TD-DFT/TDA,SINGLETS,2,2,,,0.16821,4.577,36917.9,270.8713117485014,0.0,1,169a,172a,0.711995,-0.8437981
33,TD-DFT/TDA,SINGLETS,3,3,,,0.173549,4.722,38089.5,262.53954501896845,0.0,1,169a,173a,0.61759,0.78586874
33,TD-DFT/TDA,SINGLETS,4,4,,,0.178359,4.853,39145.3,255.45850970614606,0.0,1,168a,171a,0.715569,0.84591332
33,TD-DFT/TDA,SINGLETS,5,5,,,0.186144,5.065,40853.9,244.77467267506896,0.0,1,169a,177a,0.317986,-0.56390288
33,TD-DFT/TDA,SINGLETS,6,6,,,0.195706,5.325,42952.5,232.81531924800652,0.0,1,162a,172a,0.275578,-0.52495522
33,TD-DFT/TDA,SINGLETS,7,7,,,0.197024,5.361,43241.7,231.258253028905,0.0,1,166a,170a,0.306917,0.55400132
33,TD-DFT/TDA,SINGLETS,8,8,,,0.204443,5.563,44870.1,222.86556080775395,0.0,1,169a,171a,0.425841,0.65256477
33,TD-DFT/TDA,SINGLETS,9,9,,,0.2051,5.581,45014.2,222.15212088629812,0.0,1,169a,171a,0.291391,-0.53980652
34,TD-DFT/TDA,SINGLETS,1,1,,,0.126458,3.441,27754.2,360.3058275864554,0.0,1,169a,170a,0.933014,0.96592628
34,TD-DFT/TDA,SINGLETS,2,2,,,0.167882,4.568,36845.9,271.40061716500344,0.0,1,169a,172a,0.710192,0.84272897
34,TD-DFT/TDA,SINGLETS,3,3,,,0.173542,4.722,38088.1,262.54919515544225,0.0,1,169a,173a,0.618272,-0.78630256
34,TD-DFT/TDA,SINGLETS,4,4,,,0.178342,4.853,39141.5,255.48331055273815,0.0,1,168a,171a,0.714435,0.84524233
34,TD-DFT/TDA,SINGLETS,5,5,,,0.186112,5.064,40846.8,244.8172194639482,0.0,1,169a,177a,0.318787,0.56461257
34,TD-DFT/TDA,SINGLETS,6,6,,,0.195573,5.322,42923.4,232.9731568328697,0.0,1,162a,172a,0.274159,-0.52360192
34,TD-DFT/TDA,SINGLETS,7,7,,,0.19698,5.36,43232.1,231.3096055939915,0.0,1,166a,170a,0.309619,-0.55643463
34,TD-DFT/TDA,SINGLETS,8,8,,,0.204341,5.56,44847.7,222.9768750682867,0.0,1,169a,171a,0.505325,-0.71086228
34,TD-DFT/TDA,SINGLETS,9,9,,,0.205071,5.58,45007.9,222.18321672417508,0.0,1,169a,171a,0.228908,0.47844326
35,TD-DFT/TDA,SINGLETS,1,1,,,0.12629,3.437,27717.4,360.78420053829,0.0,1,169a,170a,0.932244,-0.96552803
35,TD-DFT/TDA,SINGLETS,2,2,,,0.167181,4.549,36692.1,272.5382303002554,0.0,1,169a,172a,0.703608,-0.83881334
35,TD-DFT/TDA,SINGLETS,3,3,,,0.173506,4.721,38080.3,262.60297319086243,0.0,1,169a,173a,0.62021,-0.78753387
35,TD-DFT/TDA,SINGLETS,4,4,,,0.178318,4.852,39136.3,255.5172563579081,0.0,1,168a,171a,0.712278,0.8439657
35,TD-DFT/TDA,SINGLETS,5,5,,,0.186059,5.063,40835.3,244.88616466635483,0.0,1,169a,177a,0.320757,-0.56635444
35,TD-DFT/TDA,SINGLETS,6,6,,,0.195299,5.314,42863.2,233.3003602157562,0.0,1,162a,172a,0.269487,-0.51912184
35,TD-DFT/TDA,SINGLETS,7,7,,,0.196938,5.359,43222.9,231.35883987423333,0.0,1,166a,170a,0.310893,0.5575776
35,TD-DFT/TDA,SINGLETS,8,8,,,0.204103,5.554,44795.4,223.2372073918304,0.0,1,169a,171a,0.588697,0.76726584
35,TD-DFT/TDA,SINGLETS,9,9,,,0.205012,5.579,44994.9,222.24741026205191,0.0,1,165a,170a,0.239722,-0.48961378
36,TD-DFT/TDA,SINGLETS,1,1,,,0.126223,3.435,27702.9,360.97303892372275,0.0,1,169a,170a,0.931771,0.96528277
36,TD-DFT/TDA,SINGLETS,2,2,,,0.166805,4.539,36609.5,273.15314330979663,0.0,1,169a,172a,0.696986,0.83485714
36,TD-DFT/TDA,SINGLETS,3,3,,,0.173502,4.721,38079.2,262.6105590453581,0.0,1,169a,173a,0.62185,-0.78857492
36,TD-DFT/TDA,SINGLETS,4,4,,,0.178322,4.852,39137.2,255.51138047688647,0.0,1,168a,171a,0.707135,-0.84091315
36,TD-DFT/TDA,SINGLETS,5,5,,,0.18604,5.062,40831.1,244.91135433529834,0.0,1,169a,177a,0.321958,0.56741328
36,TD-DFT/TDA,SINGLETS,6,6,,,0.195169,5.311,42834.6,233.45613125837525,0.0,1,162a,172a,0.265507,0.51527382
36,TD-DFT/TDA,SINGLETS,7,7,,,0.196924,5.359,43219.7,231.37596975453326,0.0,1,166a,170a,0.315789,0.56195092
36,TD-DFT/TDA,SINGLETS,8,8,,,0.204004,5.551,44773.6,223.3459002626548,0.0,1,169a,171a,0.596075,-0.77205887
36,TD-DFT/TDA,SINGLETS,9,9,,,0.205028,5.579,44998.5,222.22962987655143,0.0,1,165a,170a,0.238672,0.48854093
37,TD-DFT/TDA,SINGLETS,1,1,,,0.126193,3.434,27696.1,361.0616657218887,0.0,1,169a,170a,0.931592,0.96518993
37,TD-DFT/TDA,SINGLETS,2,2,,,0.166666,4.535,36579.0,273.3809016102135,0.0,1,169a,172a,0.693015,-0.83247547
37,TD-DFT/TDA,SINGLETS,3,3,,,0.173474,4.72,38073.1,262.6526340119402,0.0,1,169a,173a,0.623244,-0.7894582
37,TD-DFT/TDA,SINGLETS,4,4,,,0.178341,4.853,39141.4,255.48396327162544,0.0,1,168a,171a,0.707691,0.84124359
37,TD-DFT/TDA,SINGLETS,5,5,,,0.186045,5.063,40832.1,244.9053563250482,0.0,1,169a,177a,0.322931,0.56826992
37,TD-DFT/TDA,SINGLETS,6,6,,,0.195124,5.31,42824.8,233.50955521099922,0.0,1,162a,172a,0.263336,-0.51316234
37,TD-DFT/TDA,SINGLETS,7,7,,,0.196959,5.36,43227.6,231.33368496053447,0.0,1,166a,170a,0.312318,0.55885434
37,TD-DFT/TDA,SINGLETS,8,8,,,0.203992,5.551,44771.1,223.3583718068129,0.0,1,169a,171a,0.580722,0.76205087
37,TD-DFT/TDA,SINGLETS,9,9,,,0.205004,5.578,44993.2,222.25580754425116,0.0,1,165a,170a,0.239578,0.48946656
38,TD-DFT/TDA,SINGLETS,1,1,,,0.126188,3.434,27695.1,361.074702745251,0.0,1,169a,170a,0.931873,0.96533557
38,TD-DFT/TDA,SINGLETS,2,2,,,0.166876,4.541,36625.1,273.0367971691545,0.0,1,169a,172a,0.694016,-0.83307649
38,TD-DFT/TDA,SINGLETS,3,3,,,0.17344,4.72,38065.7,262.70369387663965,0.0,1,169a,173a,0.622538,0.78901068
38,TD-DFT/TDA,SINGLETS,4,4,,,0.178345,4.853,39142.2,255.47874161391033,0.0,1,168a,171a,0.709261,0.84217641
38,TD-DFT/TDA,SINGLETS,5,5,,,0.186053,5.063,40833.9,244.89456064691348,0.0,1,169a,177a,0.322152,0.5675846
38,TD-DFT/TDA,SINGLETS,6,6,,,0.195213,5.312,42844.3,233.4032765151957,0.0,1,162a,172a,0.264707,-0.51449667
38,TD-DFT/TDA,SINGLETS,7,7,,,0.19697,5.36,43230.0,231.3208420078649,0.0,1,166a,170a,0.311296,0.55793918
38,TD-DFT/TDA,SINGLETS,8,8,,,0.204086,5.553,44791.8,223.25514938002044,0.0,1,169a,171a,0.546697,-0.73938962
38,TD-DFT/TDA,SINGLETS,9,9,,,0.204993,5.578,44990.8,222.26766361122716,0.0,1,165a,170a,0.243623,0.49358162
39,TD-DFT/TDA,SINGLETS,1,1,,,0.126192,3.434,27695.8,361.06557673004573,0.0,1,169a,170a,0.931854,-0.96532573
39,TD-DFT/TDA,SINGLETS,2,2,,,0.16689,4.541,36628.0,273.01517964398823,0.0,1,169a,172a,0.693423,-0.83272037
39,TD-DFT/TDA,SINGLETS,3,3,,,0.173453,4.72,38068.5,262.68437159331205,0.0,1,169a,173a,0.622138,-0.78875727
39,TD-DFT/TDA,SINGLETS,4,4,,,0.178337,4.853,39140.5,255.48983789169785,0.0,1,168a,171a,0.707762,-0.84128568
39,TD-DFT/TDA,SINGLETS,5,5,,,0.18605,5.063,40833.3,244.898159100538,0.0,1,169a,177a,0.322198,-0.56762528
39,TD-DFT/TDA,SINGLETS,6,6,,,0.195218,5.312,42845.3,233.39782893339523,0.0,1,162a,172a,0.264351,0.51415065
39,TD-DFT/TDA,SINGLETS,7,7,,,0.196957,5.359,43227.1,231.3363607551744,0.0,1,166a,170a,0.313528,-0.55993575
39,TD-DFT/TDA,SINGLETS,8,8,,,0.204097,5.554,44794.1,223.24368611044758,0.0,1,169a,171a,0.540015,-0.73485727
39,TD-DFT/TDA,SINGLETS,9,9,,,0.205014,5.579,44995.4,222.24494059392737,0.0,1,165a,170a,0.243039,0.49299015
40,TD-DFT/TDA,SINGLETS,1,1,,,0.126181,3.434,27693.5,361.095563940997,0.0,1,169a,170a,0.931766,-0.96528001
40,TD-DFT/TDA,SINGLETS,2,2,,,0.166837,4.54,36616.6,273.1001786075168,0.0,1,169a,172a,0.692634,-0.83224608
40,TD-DFT/TDA,SINGLETS,3,3,,,0.173446,4.72,38067.0,262.6947224630257,0.0,1,169a,173a,0.622407,-0.78892777
40,TD-DFT/TDA,SINGLETS,4,4,,,0.17833,4.853,39139.0,255.4996295255372,0.0,1,168a,171a,0.707237,0.84097382
40,TD-DFT/TDA,SINGLETS,5,5,,,0.186051,5.063,40833.4,244.8975593509235,0.0,1,169a,177a,0.322342,0.56775174
40,TD-DFT/TDA,SINGLETS,6,6,,,0.195193,5.311,42840.0,233.4267040149393,0.0,1,162a,172a,0.263793,0.51360829
40,TD-DFT/TDA,SINGLETS,7,7,,,0.196954,5.359,43226.4,231.34010697166545,0.0,1,166a,170a,0.314438,-0.56074758
40,TD-DFT/TDA,SINGLETS,8,8,,,0.204085,5.553,44791.6,223.25614624170603,0.0,1,169a,171a,0.542256,-0.73638001
40,TD-DFT/TDA,SINGLETS,9,9,,,0.205012,5.579,44994.8,222.24790420226336,0.0,1,165a,170a,0.244597,-0.49456706
41,TD-DFT/TDA,SINGLETS,1,1,,,0.126154,3.433,27687.7,361.1712059867739,0.0,1,169a,170a,0.931478,0.96513104
41,TD-DFT/TDA,SINGLETS,2,2,,,0.166668,4.535,36579.4,273.37791215820926,0.0,1,169a,172a,0.689159,-0.83015628
41,TD-DFT/TDA,SINGLETS,3,3,,,0.173434,4.719,38064.4,262.7126659030485,0.0,1,169a,173a,0.62301,0.7893098
41,TD-DFT/TDA,SINGLETS,4,4,,,0.178319,4.852,39136.4,255.5166034688934,0.0,1,168a,171a,0.705325,0.83983631
41,TD-DFT/TDA,SINGLETS,5,5,,,0.18605,5.063,40833.2,244.89875885309016,0.0,1,169a,177a,0.322905,0.56824701
41,TD-DFT/TDA,SINGLETS,6,6,,,0.195126,5.31,42825.2,233.5073741628761,0.0,1,162a,172a,0.261964,0.51182442
41,TD-DFT/TDA,SINGLETS,7,7,,,0.196952,5.359,43226.0,231.34224772127885,0.0,1,166a,170a,0.317155,0.56316504
41,TD-DFT/TDA,SINGLETS,8,8,,,0.204059,5.553,44785.7,223.28555766684457,0.0,1,169a,171a,0.548163,0.74038061
41,TD-DFT/TDA,SINGLETS,9,9,,,0.205021,5.579,44996.9,222.23753191886553,0.0,1,165a,170a,0.246357,-0.49634344
42,TD-DFT/TDA,SINGLETS,1,1,,,0.126176,3.433,27692.4,361.1099074114197,0.0,1,169a,170a,0.931625,-0.96520738
42,TD-DFT/TDA,SINGLETS,2,2,,,0.166765,4.538,36600.7,273.2188182193237,0.0,1,169a,172a,0.690996,-0.83126156
42,TD-DFT/TDA,SINGLETS,3,3,,,0.173441,4.72,38065.9,262.702313619276,0.0,1,169a,173a,0.622707,0.78911799
42,TD-DFT/TDA,SINGLETS,4,4,,,0.17833,4.853,39139.0,255.4996295255372,0.0,1,168a,171a,0.706365,0.84045523
42,TD-DFT/TDA,SINGLETS,5,5,,,0.186052,5.063,40833.7,244.89576011970507,0.0,1,169a,177a,0.322569,0.567952
42,TD-DFT/TDA,SINGLETS,6,6,,,0.195164,5.311,42833.5,233.46212660651125,0.0,1,162a,172a,0.26312,0.51295254
42,TD-DFT/TDA,SINGLETS,7,7,,,0.19696,5.36,43227.7,231.3331498090345,0.0,1,166a,170a,0.315519,-0.56171055
42,TD-DFT/TDA,SINGLETS,8,8,,,0.204086,5.553,44791.7,223.25564780975049,0.0,1,169a,171a,0.544072,0.73761229
42,TD-DFT/TDA,SINGLETS,9,9,,,0.205022,5.579,44997.2,222.23605024312624,0.0,1,165a,170a,0.245674,0.49565533
43,TD-DFT/TDA,SINGLETS,1,1,,,0.12617,3.433,27691.1,361.1268602547389,0.0,1,169a,170a,0.931617,-0.96520313
43,TD-DFT/TDA,SINGLETS,2,2,,,0.166762,4.538,36599.9,273.22479023166727,0.0,1,169a,172a,0.690895,-0.83120085
43,TD-DFT/TDA,SINGLETS,3,3,,,0.173436,4.719,38064.8,262.7099052142662,0.0,1,169a,173a,0.622589,-0.78904284
43,TD-DFT/TDA,SINGLETS,4,4,,,0.17833,4.853,39138.8,255.50093513342256,0.0,1,168a,171a,0.706285,-0.84040764
43,TD-DFT/TDA,SINGLETS,5,5,,,0.186054,5.063,40834.1,244.8933611858716,0.0,1,169a,177a,0.32261,0.56798808
43,TD-DFT/TDA,SINGLETS,6,6,,,0.195162,5.311,42833.1,233.46430680945343,0.0,1,162a,172a,0.262936,-0.51277241
43,TD-DFT/TDA,SINGLETS,7,7,,,0.196959,5.36,43227.6,231.33368496053447,0.0,1,166a,170a,0.315249,-0.56147053
43,TD-DFT/TDA,SINGLETS,8,8,,,0.204081,5.553,44790.6,223.26113068367025,0.0,1,169a,171a,0.541457,-0.73583754
43,TD-DFT/TDA,SINGLETS,9,9,,,0.205012,5.579,44994.9,222.24741026205191,0.0,1,165a,170a,0.246488,-0.49647588
